economy,2000,2001,2002,2003,2004,2005,2006,2007,2008,2009,2010,2011,2012,2013,2014,2015,2016,2017,2018,2019,2020,2021,2022,2023
ABW,,98.6474304199219,102.293441772461,104.977783203125,101.585006713867,100.781471252441,100.671501159668,108.43962097168,100.322486877441,100.752082824707,100.190170288086,98.8285369873047,109.055122375488,,,,,,144.720138549805,145.138092041016,143.255950927734,134.622039794922,137.287643432617,
AFE,25.5485401153564,26.3633804321289,26.9570503234863,27.4211807250977,28.4966602325439,29.3665599822998,30.7157497406006,31.8105907440186,33.3657188415527,34.5432586669922,35.623420715332,36.5236701965332,37.6529693603516,38.6157493591309,39.738208770752,39.6892509460449,40.2670402526855,40.8391418457031,41.1385498046875,41.6500816345215,42.3275299072266,42.7693405151367,42.9131698608398,
AFG,,0.0,,6.96920013427734,6.38919019699097,9.67969036102295,15.3283004760742,15.3513603210449,22.7884502410889,28.3175792694092,33.0262413024902,36.9816284179688,38.5514297485352,38.722900390625,38.5330581665039,37.8227882385254,38.5832786560059,39.937858581543,41.3507118225098,,,,,
AFW,18.7828693389893,20.19407081604,20.6358604431152,22.5834197998047,24.1746807098389,25.2043399810791,25.3873996734619,25.3766708374023,28.1702404022217,30.8871803283691,33.9896202087402,35.5903816223145,37.8155899047852,42.5206108093262,38.7878112792969,40.3699607849121,39.0918617248535,39.740650177002,40.4764213562012,42.076530456543,43.326961517334,44.3946685791016,44.9384689331055,46.1132011413574
AGO,12.1040000915527,13.2332096099853,14.7315998077393,,,,,,19.9174499511719,21.1587905883789,22.98756980896,22.3924407958984,,,,,42.9851256990708,,,,,49.4286274279557,,48.1175394651696
ALB,,,,,77.1257705688477,80.9782333374023,82.5476684570312,84.5937118530273,85.9438629150391,88.4567413330078,91.1922378540039,92.2981491088867,94.2191162109375,99.1101650982234,98.9064599746518,99.0993228142471,96.6560853943559,94.9233468518998,95.8495450622985,95.5375027821055,92.2998271538817,94.3556604734894,93.2280956589459,92.6682931237011
AND,,,86.0109329223633,85.6380081176758,81.919189453125,89.476188659668,87.2272720336914,86.0921096801758,87.1264419555664,86.3205413818359,89.5385971069336,87.3739624023438,88.5964889526367,87.8670120239258,89.3149490356445,90.8539199829102,95.5604400634766,95.4148483276367,97.8036804199219,96.3111114501953,96.9991226196289,98.0232086181641,98.0160369873047,99.4687423706055
ARB,56.1960716247559,57.5917701721191,58.7111282348633,60.5331802368164,61.9100914001465,61.6643486022949,61.9617195129395,61.0592498779297,61.1059417724609,62.877799987793,63.3116188049316,65.2037963867188,65.3947219848633,63.5361595153809,63.9555587768555,64.5253677368164,64.8255615234375,65.4355316162109,65.6868133544922,66.192512512207,66.1664199829102,66.8292694091797,68.3780136108398,67.6763610839844
ARE,,,,,,,,,,,,,,,,,,,101.119972229004,101.139777479205,99.1370929452638,102.068631287595,102.234771728516,102.195120776205
ARG,99.8094177246094,101.411613464355,100.75479888916,100.139373779297,100.194129943848,98.7863388061523,98.0361328125,98.1988677978516,99.5787734985352,102.57689666748,104.500671386719,106.733993530273,107.975830078125,109.241096496582,110.363609313965,111.491546630859,112.874443054199,113.530090332031,112.869537353516,113.60587310791,115.878791809082,119.181510925293,117.566009521484,107.980730920017
ARM,88.5902481079102,,,,,,,94.7361068725586,93.9530563354492,99.4727630615234,104.280326843262,92.7371215820312,,86.4559326171875,86.6189804077148,86.1423797607422,,,82.6929233518222,86.6098941525282,87.5163440721926,89.5961159583451,90.1215425051106,88.2232017685754
ASM,,,,,,,,,,,,,,,,,,,,,,,,
ATG,78.4783935546875,,,,,,,112.965049743652,121.629211425781,120.998901367188,117.978141784668,116.915008544922,126.204559326172,,115.915657043457,119.018043518066,,115.81339263916,119.61092376709,,,,107.737361282367,109.004008633981
AUS,,,,,,,,,,,,,,,,147.584396362305,144.401290893555,144.534530639648,132.354217529297,139.616836547852,135.490798950195,133.347183227539,130.563079833984,131.09733581543
AUT,96.3779373168945,96.7734069824219,96.4945831298828,96.9213027954102,96.5513229370117,97.7880630493164,98.4202194213867,98.1064224243164,98.0029373168945,98.306266784668,98.2814788818359,97.5853881835938,98.1663970947266,99.4306716918945,99.4170379638672,99.7147521972656,99.1238174438477,98.8336181640625,98.9431686401367,100.049346923828,100.287178039551,101.08470916748,100.453628540039,99.5390701293945
AZE,,,,,,,,,,,,,,,,,,,108.65273695473,107.552111988747,90.4353484324383,90.4878029868337,88.7876201854696,90.9502304680864
BDI,,,,8.93451976776123,10.1669101715088,11.0440502166748,12.2075300216675,12.8603200912476,,17.5529193878174,19.8866806030273,22.7597904205322,25.6550006866455,30.7229452018777,37.6532236992696,42.5848131340896,47.4670778135604,49.4867506946943,48.9246508069948,44.8293939228029,49.2576387332398,,,
BEL,154.356338500977,164.421981811523,166.829498291016,166.853012084961,158.973358154297,166.336334228516,168.262008666992,169.791259765625,171.841247558594,171.172912597656,171.341003417969,170.005645751953,171.274078369141,172.689697265625,172.866333007812,174.837173461914,170.400466918945,168.216491699219,165.985092163086,166.064483642578,160.896133422852,150.585006713867,151.826583862305,152.577819824219
BEN,12.5444002151489,13.908769607544,15.1186399459839,15.833459854126,17.0808696746826,,,,,,,35.1887283325195,,41.857421875,43.0372085571289,46.0378799438477,47.7052116394043,,,,39.4178810119629,40.2546501159668,40.2818489074707,
BFA,7.76679992675781,7.95838022232056,,9.13255977630615,10.11203956604,11.0454902648926,11.844220161438,12.869119644165,15.2496795654297,16.4878997802734,18.2026272062904,20.1504937591634,22.4369517647316,25.1246647585712,27.3772509415436,31.3499100869596,33.8377858408122,36.4337512769058,39.4315297671845,40.517531621348,40.2090461523707,40.1334643135395,36.1300743115017,33.6455886002101
BGD,47.110969543457,50.0232887268066,51.7350006103516,51.6876182556152,46.7358283996582,46.4920997619629,46.8596611022949,47.5436897277832,47.0520896911621,49.7001609802246,52.0766891151976,52.972846971647,54.6677284240723,57.4183984304764,,62.5832710266113,66.9120125277375,66.8206080291299,69.0192069270982,68.6082490748818,71.128750711381,75.089641669915,72.2731144156835,71.5461976300242
BGR,78.9478607177734,79.96337890625,83.0525436401367,87.1275329589844,88.8367919921875,89.5286712646484,90.6530914306641,91.317008972168,90.9007110595703,90.9566192626953,92.1725463867188,94.100212097168,93.2204132080078,97.8538284301758,102.488342285156,101.624610900879,100.93839263916,101.615371704102,102.039916992188,101.704620361328,100.332641601562,97.4684524536133,95.5302886962891,94.6070022583008
BHR,99.2775497436523,101.788238525391,96.4201431274414,91.6311111450195,89.1966781616211,88.6157684326172,88.737678527832,,91.3427200317383,92.0312271118164,92.0959724996516,94.5355703439872,99.2605924989055,107.770879230923,104.944132738695,100.792652804599,100.962353094519,101.66381888082,100.906915228618,101.991173149954,,,106.466008925534,101.916572717024
BHS,,,96.3615798950195,,85.6807098388672,86.6847763061523,87.0278396606445,90.9297103881836,90.2368698120117,89.9711837768555,93.3393819715002,90.580026166594,95.0642702131211,87.4039501394502,93.3709696193691,77.0907578997387,86.5407818532819,94.6372239747634,84.2835504392608,80.0,,74.0372670807453,,95.1823072325164
BIH,,,,,,,,82.0863876342773,86.2433471679688,88.1162567138672,86.8139724731445,89.1719207763672,92.2725219726562,94.078239440918,92.1992111206055,87.665657043457,85.0680236816406,85.6158828735352,87.8049774169922,87.5772018432617,87.7414093017578,87.8970108032227,89.2550964355469,90.4367218017578
BLR,,,,,,,,,113.924789428711,111.873641967773,109.212499250285,107.11359577607,105.727632878972,103.164486990226,102.551671847254,102.211121335612,102.01233919664,101.583542654067,100.837960983045,99.9048197524061,99.9308910788603,99.8514568766293,97.7828329479802,97.184372562362
BLZ,69.6441192626953,71.5002288818359,,77.1278610229492,79.1648864746094,76.4672164916992,77.7098617553711,77.4540634155273,77.7610168457031,77.4153671264648,78.3641404805915,78.6071233872433,80.2218941529101,82.749944824542,82.7300117898782,82.8789389276581,88.9483912761822,87.3819122314453,88.364140080516,88.4514778969396,87.8505494505495,90.1186996190982,89.0278593037432,84.5732792044884
BMU,,90.8878479003906,90.6635818481445,92.7162399291992,95.5397262573242,93.513313293457,87.4717788696289,,,,97.601318359375,96.2374572753906,94.1572113037109,92.5261001586914,91.6382293701172,92.7939910888672,,,,,,,,79.9730606079102
BOL,70.1280364990234,73.2119827270508,78.0644607543945,80.8071975708008,83.8102722167969,85.2724075317383,84.9520263671875,84.8977508544922,84.6359786987305,83.5469284057617,87.5005794020571,85.4463613535963,86.9054153516049,88.5871712557106,89.1304081626405,89.9740673277194,89.7963617272291,88.5199336270253,87.8603570044998,88.0304372690611,88.4047972829548,90.1926069467688,90.3370506966397,91.2883197233107
BRA,,,,,,,,,,,,,97.9080200195312,107.282928466797,106.121192932129,103.753479003906,104.766120910645,104.605270385742,106.633720397949,106.028106689453,106.519920349121,110.227439880371,108.78392791748,
BRB,108.796867370605,107.765472412109,107.324180603027,107.501808166504,108.083801269531,107.802139282227,108.45157623291,109.797866821289,111.353240966797,110.057472229004,106.974426269531,108.517181396484,,,109.352897644043,109.521759033203,109.759788513184,110.261192321777,108.398483276367,106.941482543945,105.184692382812,104.736427307129,106.201553344727,104.055282592773
BRN,87.9611587524414,89.8383865356445,91.2054824829102,92.2724304199219,94.7744827270508,97.0742797851562,100.890647888184,101.234901428223,101.119102478027,102.777656555176,103.281120300293,103.50959777832,107.718727111816,105.909843444824,98.996940612793,95.8460998535156,93.33837890625,91.7844619750977,92.0042572021484,91.2721405029297,89.4443214522913,91.2275165667403,91.5901157449936,93.2725572697522
BTN,27.6800708770752,31.5314197540283,,,,42.8833503723145,45.8921585083008,50.2554206848145,54.2678604125977,61.660530090332,67.4368286132812,72.9664916992188,79.2052764892578,84.4945220947266,92.2578125,92.4895401000977,93.3539505004883,93.6836013793945,94.7654841059746,97.6848520202403,97.5008417517849,100.878047817838,98.562791614893,94.91450020137
BWA,77.4799728393555,76.1001892089844,77.1014633178711,77.884407043457,79.5718383789062,80.3644027709961,83.5707702636719,84.5229568481445,81.0781402587891,,,,,,,,,,,,,74.0652465820312,,
CAF,,7.64059019088745,,,,,,,,8.72708988189697,,11.4032897949219,10.7241497039795,,,,11.0433397293091,12.7931003570557,,,,,,
CAN,103.028327941895,,,,,99.006706237793,99.2596435546875,99.9474716186523,100.854469299316,101.66227722168,101.41626739502,102.087600708008,111.17195892334,111.877288818359,112.173736572266,112.104141235352,111.972282409668,112.20565032959,112.037117004395,111.364883422852,110.553207397461,109.483619689941,108.366371154785,104.423652648926
CEB,92.1599731445312,93.6195373535156,95.179328918457,96.3957214355469,93.8796615600586,94.5416717529297,95.7903518676758,95.3202819824219,97.6833877563477,99.450798034668,99.8252182006836,99.7757720947266,98.8466262817383,103.632446289062,102.559707641602,101.608428955078,100.713256835938,100.939628601074,100.836486816406,100.356903076172,102.413429260254,101.258842468262,99.9802322387695,99.3405303955078
CHE,91.4543914794922,92.095100402832,90.531982421875,90.4961929321289,90.2133483886719,91.0430221557617,91.4252090454102,92.7012786865234,93.4715118408203,94.0488586425781,95.2613372802734,95.6100234985352,96.7207107543945,99.7940216064453,,102.201698303223,102.22403717041,102.139213562012,102.257682800293,101.935157775879,102.080001831055,101.687019348145,101.519386291504,101.31884765625
CHI,,,,,,,,,,,,,,,,,,,,,,,,
CHL,87.8805084228516,,90.2218780517578,91.2260513305664,91.6760330200195,92.6120986938477,92.9499893188477,92.7402114868164,92.7565612792969,91.1818389892578,92.4085998535156,92.4001922607422,91.1228790283203,99.6723937988281,100.32071685791,101.253883361816,101.831230163574,102.539222717285,103.21607208252,104.032539367676,103.239501953125,106.125999450684,105.129852294922,104.630210876465
CHN,,60.5879211425781,,62.8477210998535,,,74.5925979614258,79.0239715576172,84.1128692626953,90.3999099731445,91.5306159985424,93.0778922934558,93.6776786470658,,,,,,,,,,,
CIV,,,,,,,,,,,,,,,34.3625665088411,37.982068610823,40.5872787120579,43.9337901584799,46.3947128556196,49.4831223999723,51.9265625097734,54.4109890656109,52.166846663702,63.094766197367
CMR,,29.9767608642578,22.2719993591309,28.0853691101074,24.1630897521973,24.6076393127441,21.4851398468018,29.0990791320801,33.4918212890625,37.8445510864258,,45.500515576506,48.7718363160742,50.4201711277728,54.1409312621764,55.5473133749889,56.4790090222202,,,,,42.6115884063623,43.2072311629303,42.4944197803389
COD,,,,,,,,23.2989292144775,25.5026206970215,26.7931995391846,26.997859954834,28.7195892333984,28.7509708404541,29.3779392242432,31.4399604797363,32.7438697814941,,,,,,42.9527015686035,,
COG,,,31.5139694213867,30.9671497344971,39.0756301879883,,,,,,,,46.8735198974609,,,,,,,,,,,
COL,79.0934371948242,,81.1554718017578,,86.3882904052734,90.4880218505859,94.4033432006836,97.2881469726562,98.2433624267578,102.675201416016,104.365089416504,105.441833496094,101.408042907715,102.072303771973,101.245910644531,101.232261657715,101.674926757812,102.081871032715,102.91561126709,104.421806335449,103.599342346191,105.227256774902,103.587738037109,
COM,,,31.1893806457519,34.5227088928223,36.0644111633301,,,,,,,,,60.1044710048694,63.5484732484643,,,59.3382174230061,64.5565253389451,,,,,
CPV,,66.4298477172852,69.4299468994141,72.023063659668,72.0146408081055,76.0318069458008,89.9302597045898,89.594841003418,88.2079620361328,89.8743209838867,92.7251093032265,95.5805200729927,99.6213363546916,103.923782348633,104.643058776855,105.428949752596,107.346835625835,108.513703183866,104.00895690918,103.593505622998,106.038487060385,104.706914193831,103.582593697222,
CRI,61.5272789001465,65.6123123168945,67.3832092285156,,79.4942398071289,80.8845825195312,88.0462265014648,88.5167999267578,90.038932800293,96.3420486450195,99.3017730712891,101.516792297363,105.142471313477,111.334037780762,117.044647216797,117.688652038574,120.720222473145,125.053909301758,129.916809082031,137.081527709961,137.818099975586,146.792526245117,138.920425415039,130.602096557617
CSS,84.1384582519531,85.4113006591797,86.253303527832,85.5014877319336,87.184928894043,87.0105285644531,88.0535583496094,89.0260162353516,90.3264465332031,90.5165176391602,92.3794174194336,93.7695693969727,92.6677703857422,90.9500732421875,91.1048202514648,89.8365783691406,91.5283126831055,90.4940338134766,89.5968170166016,90.3829193115234,88.2120513916016,88.1179504394531,86.8843231201172,87.5298004150391
CUB,84.1651306152344,86.8774185180664,88.5356063842773,91.2225875854492,92.1042175292969,93.3225631713867,94.1421432495117,93.2863693237305,92.9718399047852,91.8882904052734,91.8081243138248,91.5008008947274,90.8615314533005,90.8856536605418,96.875305891987,97.5443944674153,99.2363989742163,99.8315436409602,100.943717956543,101.62084197998,102.091444168153,99.8342771913984,104.243159338676,96.3481332918381
CUW,,,,,,,,,,,,,,90.2323376007587,,,,,,,139.717813051146,,,128.630460448642
CYM,92.0926513671875,82.9303970336914,81.3360900878906,,88.0128173828125,83.8930282592773,85.9129409790039,89.0017929077148,99.2827301025391,,,93.3884297520661,91.0924369747899,91.1194833153929,,,,,87.5760649087221,85.8134918212891,84.5747222900391,84.5653184565318,84.132682800293,86.5183246073298
CYP,94.4401092529297,93.900146484375,97.9807815551758,98.4973907470703,97.8886032104492,95.3425979614258,94.5044784545898,94.3996505737305,93.5492401123047,92.990852355957,91.9940032958984,93.5325469970703,96.1862869262695,98.5265274047852,99.4556884765625,99.4092102050781,98.4232330322266,99.5304489135742,98.9669723510742,99.23193359375,99.8345031738281,101.567436218262,103.528419494629,102.089820861816
CZE,90.1869430541992,96.0028305053711,96.5834121704102,97.2614288330078,96.1095199584961,96.7818069458008,98.0861129760742,98.2276916503906,98.6582107543945,98.4950180053711,99.010498046875,99.5668029785156,99.93798828125,107.348907470703,106.452461242676,105.372566223145,103.56421661377,102.751281738281,102.012992858887,100.916809082031,99.9065322875977,102.618659973145,103.715873718262,98.0195083618164
DEU,98.5004425048828,98.947509765625,100.203979492188,100.351638793945,100.461128234863,100.427360534668,101.229377746582,100.871421813965,101.961143493652,100.680168151855,102.300201416016,102.559692382812,101.587738037109,101.26392364502,100.556137084961,99.435302734375,98.584228515625,98.1771011352539,97.601936340332,97.6850433349609,97.8931121826172,98.0514907836914,97.7000427246094,97.6778869628906
DJI,,,,,,,,,,,,,,,,,,,,,,,,
DMA,109.667503356934,110.292030334473,113.493911743164,118.673797607422,113.794143676758,113.61287689209,112.754333496094,113.574249267578,109.499076843262,113.975158691406,109.529899597168,109.063751220703,99.9667110519308,,89.9837875366211,92.5211486816406,,,,103.694158075601,103.190559387207,101.098901098901,100.132102966309,96.3274307250977
DNK,129.733840942383,133.292358398438,128.355743408203,128.095794677734,124.252517700195,124.212532043457,120.008277893066,119.769317626953,118.893989562988,118.309303283691,119.537956237793,122.875732421875,125.330131530762,133.14208984375,134.744125366211,136.163803100586,132.793762207031,130.848114013672,129.861923217773,128.905914306641,129.851684570312,131.364761352539,129.684188842773,126.258628845215
DOM,65.4546279907227,,74.3092880249023,,74.4618911743164,76.9029235839844,,87.4022064208984,85.55322265625,85.7362594604492,82.6135120660269,82.1754815446393,82.4110479058614,83.5120440264172,84.1616453624047,83.8323050910617,83.7006235554531,83.2663415112375,83.2545036540322,85.3244113670457,83.4156580342242,79.2421801882118,80.1246063749448,79.048372719494
DZA,67.3292007446289,72.1403121948242,76.0977172851562,79.9414901733398,84.5551605224609,87.1950912475586,88.9450912475586,77.9382171630859,83.4692001342773,99.0396575927734,104.490663909822,106.780606139925,,,,,,,,,,,106.153022766113,103.220718383789
EAP,57.4583702087402,59.6201210021973,60.7778282165527,62.4713592529297,65.5361480712891,67.9784088134766,71.2711868286133,75.1587600708008,78.0776062011719,82.513557434082,83.5061721801758,85.043327331543,85.8580169677734,86.7732620239258,86.4382019042969,86.6689224243164,86.1764984130859,86.3374404907227,87.1004104614258,88.7187194824219,89.6240463256836,90.2519989013672,91.0241012573242,91.7414016723633
EAR,46.7289085388184,47.482608795166,49.3242111206055,51.7258796691895,52.8359489440918,54.1323089599609,55.6428298950195,57.7741012573242,59.4695892333984,60.5215606689453,62.7889289855957,64.592170715332,66.4391098022461,67.96826171875,71.2105178833008,71.9440231323242,73.3005599975586,72.9086227416992,74.0610427856445,74.4964599609375,75.2726287841797,76.0862274169922,77.3045883178711,77.2803115844727
EAS,60.9457092285156,62.8622512817383,63.8230400085449,65.3064880371094,68.1626815795898,70.5025024414062,73.6256332397461,77.3227996826172,80.100212097168,84.3223571777344,85.2631530761719,86.7125930786133,87.5260620117188,88.3574523925781,88.063102722168,88.283332824707,87.7668609619141,87.9111175537109,88.4812393188477,90.0556335449219,90.8184967041016,91.3720321655273,92.0620269775391,92.7077789306641
ECA,81.79931640625,85.021842956543,87.0141525268555,88.7141799926758,88.3804016113281,86.3354110717773,88.6434173583984,89.9803924560547,89.9375686645508,87.5869903564453,88.9177322387695,89.6188507080078,90.1093521118164,96.7680206298828,98.4281234741211,98.3324584960938,98.6367492675781,99.5105667114258,99.7525177001953,99.3358764648438,97.725212097168,97.605842590332,98.3514022827148,98.6402130126953
ECS,94.383918762207,95.9396591186523,96.8896865844727,97.4431228637695,95.3501205444336,95.1080474853516,95.684700012207,96.1526184082031,96.8290634155273,96.6895370483398,98.2913665771484,98.4919281005859,98.2450714111328,104.177047729492,104.560272216797,104.293327331543,104.06916809082,104.589317321777,104.573738098145,104.25904083252,102.877738952637,102.760871887207,102.949150085449,102.52490234375
ECU,56.5507011413574,56.9547691345215,57.5130805969238,57.3564300537109,57.5079383850098,60.198299407959,62.4189910888672,63.8203010559082,,88.0668182373047,93.4168090820312,97.6552200317383,100.79842376709,102.665153503418,104.573356628418,102.632553100586,99.4637598671025,97.4745655657693,96.3960714193164,95.28924793166,96.0492095947266,95.8818069146481,95.6203503719702,94.1827583420861
EGY,75.2516632080078,77.1041793823242,,76.3958587646484,75.9371719360352,,,,,63.2690315246582,64.1232833862305,72.4007186889648,72.635009765625,73.2182236825859,73.200144841154,,74.7882619375541,75.3094821649971,75.9067103552346,76.911298614293,78.4118910481273,80.3491927630684,,83.0465220652019
EMU,103.415893554688,104.726371765137,105.037162780762,105.221038818359,104.333488464355,106.027038574219,106.404571533203,106.536880493164,107.129707336426,106.907577514648,108.396392822266,108.977081298828,107.805709838867,108.607147216797,107.928291320801,107.714622497559,107.162811279297,107.24112701416,107.565269470215,107.41471862793,108.211967468262,108.343849182129,108.541839599609,108.208801269531
ERI,37.1347503662109,38.0059700012207,36.5366516113281,37.1061096191406,34.2101783752441,38.3557510375977,39.934700012207,41.5399284362793,42.7360801696777,43.0703887939453,44.5370407104492,45.4227294921875,46.2857704162598,45.141300201416,45.0337791442871,41.9455795288086,,42.0257682800293,43.4416885375977,,,,40.2760810852051,
ESP,116.867172241211,118.565773010254,119.03498840332,117.701393127441,118.77808380127,121.273582458496,121.005409240723,121.423683166504,120.799942016602,120.13614654541,124.076477050781,127.101058959961,128.53596496582,127.360443115234,125.847549438477,124.946182250977,123.811912536621,121.695846557617,120.827651977539,120.450668334961,119.322708129883,121.494972229004,121.720291137695,120.571983337402
EST,98.1533813476562,98.5468215942383,101.218223571777,101.92537689209,103.808959960938,106.102340698242,106.238578796387,107.076751708984,107.321166992188,108.62345123291,110.668418884277,111.414039611816,111.909286499023,109.79280090332,107.761253356934,108.522552490234,112.33544921875,114.632881164551,114.272331237793,114.590209960938,115.08674621582,115.217590332031,114.788101196289,110.660980224609
ETH,11.7815504074097,14.0522804260254,14.9959602355957,14.5203800201416,15.9084901809692,18.1193408966064,21.5401401519775,24.6181907653809,26.6844291687012,27.9870700836182,30.1612491607666,32.4362602233887,34.5193099975586,,,33.3210265952712,,,,,,,,
EUU,101.815292358398,103.150093078613,103.708229064941,104.016456604004,101.810302734375,103.165328979492,103.802017211914,103.797233581543,104.980712890625,105.384651184082,106.656219482422,107.169059753418,106.137130737305,108.645858764648,107.979553222656,107.710403442383,107.008682250977,107.164947509766,107.385391235352,107.081871032715,108.042427062988,107.97386932373,107.83553314209,107.276847839355
FCS,28.9145698547363,29.6567497253418,30.2477302551269,31.6787796020508,32.5856590270996,32.9925918579102,33.6764984130859,33.6777687072754,35.516170501709,37.0622901916504,38.7931785583496,39.6942291259766,41.1292495727539,42.6944198608398,40.790111541748,41.4105987548828,40.9391899108887,41.7020301818848,42.3339385986328,42.9953918457031,43.7159309387207,44.2586288452148,44.5880584716797,44.5917892456055
FIN,131.181182861328,134.663055419922,136.179000854492,138.743591308594,113.423683166504,113.830627441406,112.610382080078,111.485862731934,110.881446838379,110.353019714355,111.196716308594,111.733192443848,112.473762512207,152.21354675293,154.411575317383,157.990310668945,159.691635131836,161.339553833008,161.847595214844,151.423095703125,149.881484985352,150.98811340332,153.241073608398,151.367446899414
FJI,77.9657592773438,76.3341522216797,78.0475387573242,79.5437927246094,82.2571029663086,,82.5951385498047,82.7922592163086,81.2673568725586,82.2133331298828,,86.2617492675781,85.2120971679688,,89.439954928784,89.4052671769281,90.7946273675174,,93.1892646769198,94.1516926967393,93.3745574951172,94.6174004192872,96.1407038662342,99.1709898140329
FRA,105.565856933594,104.655410766602,103.38053894043,103.231269836426,102.502822875977,106.991889953613,106.926139831543,106.79029083252,106.61882019043,106.454376220703,106.964630126953,107.088279724121,106.117530822754,104.996017456055,104.223556518555,103.941093444824,103.741958618164,104.159187316895,104.071128845215,104.170417785645,104.657997131348,104.648162841797,104.633659362793,104.395561218262
FRO,,,,,,,,,,,,,,,,,,,,,,,,
FSM,,,,,85.8371276855469,88.0796432495117,,,,,,,,,,,,,,,,,,
GAB,,,,,,,,,,,,,,,,,,,,72.0510629415333,,,,
GBR,101.946479797363,101.883728027344,103.448120117188,103.651992797852,105.841842651367,106.556312561035,99.3644409179688,98.5482711791992,99.5328369140625,101.106651306152,103.691650390625,94.7179718017578,92.7239990234375,128.939422607422,131.289184570312,127.937469482422,,127.641326904297,121.916473388672,118.8857421875,116.513999938965,115.820037841797,115.121810913086,113.907653808594
GEO,80.0817413330078,82.9587173461914,85.5044097900391,89.1005401611328,86.4853973388672,91.160026550293,96.5612411499023,,107.212013244629,,,,,104.884443945013,103.98407296803,104.703674077125,105.340707282856,106.843781110901,109.227803680577,109.182046396768,105.57885771221,103.428793170353,100.530264984786,99.8475609756098
GHA,28.9962100982666,27.9841899871826,29.3423309326172,30.6779098510742,32.5887718200684,34.3779106140137,36.2336196899414,40.4977607727051,42.8381881713867,44.4520797729492,,52.0960388183594,53.1241347690324,64.3019790649414,61.2572744110292,64.5307806759859,65.3783920673892,64.9647509332356,66.9166894213064,70.2943846951293,73.2758030599046,75.6377570946198,77.9574778013858,
GIB,103.35765838623,111.911758422852,,,,,,,110.893852233887,109.230766296387,,,,,,,131.354838709677,130.694275274056,,98.7607192993164,98.175178527832,97.8042068481445,70.1354675292969,75.0780762023735
GIN,,10.4426498413086,12.3354597091675,14.1111297607422,15.3069696426392,19.3124198913574,22.1961803436279,,24.3607196807861,,,28.5025997161865,,,30.6022090911865,,,,,,,,,
GMB,,,,,,,,,43.8599510192871,45.4219284057617,44.591251373291,,,,,,,,,,,116.372766553778,,
GNB,12.7837495803833,,,,,,,,,,,,,,,,,,,,,,,
GNQ,13.4011402130127,,13.6110897064209,,,15.326849937439,,,,,,,,,,,,,,,,,,
GRC,93.1144332885742,103.383697509766,99.013557434082,94.5704803466797,92.2558898925781,95.032829284668,94.9060592651367,92.760383605957,,,104.387901306152,103.346748352051,103.870376586914,105.128707885742,100.458488464355,99.8590774536133,100.793319702148,101.863510131836,102.07266998291,104.780532836914,102.624420166016,103.454742431641,104.863693237305,104.025230407715
GRD,,,117.967300415039,113.498748779297,112.467987060547,104.430801391602,,117.071830749512,113.521827697754,110.414993286133,121.271240234375,113.734835355286,,107.174295774648,107.422493776873,105.264378478664,107.677725118483,106.911551474142,111.967495690717,,105.387205387205,102.901307966706,,
GRL,,,,,,,,,,,,,,,,,,,,,,,,
GTM,29.3731899261475,31.3750190734863,33.8575096130371,,37.1055107116699,39.1436080932617,41.1204605102539,43.0145683288574,44.2082481384277,47.0550994873047,50.5112654099543,50.796282162896,51.2024295698266,51.3257665612677,51.2191175132007,52.866427490626,52.5401757423553,52.2652133739495,52.3446298715485,51.0635988036794,50.8073127066553,48.1472917509683,46.8427646987635,48.2479657338074
GUM,,,,,,,,,,,,,,,,,,,,,,,,
GUY,,95.8699264526367,,,,86.8446273803711,,83.9229278564453,87.4516677856445,90.4651107788086,95.4920425415039,103.002723693848,103.891082763672,,,,,,,,90.3541412353516,89.7333602905273,,84.2535171508789
HIC,99.3023223876953,99.7302169799805,99.9672012329102,100.244621276855,98.8796234130859,99.1143112182617,98.7770233154297,98.8493499755859,99.3857803344727,100.540420532227,101.32447052002,101.351547241211,101.291976928711,104.252471923828,104.591819763184,104.697738647461,104.505218505859,104.842407226562,104.676200866699,104.791778564453,103.970611572266,104.476928710938,104.096839904785,103.020812988281
HKG,,78.5087585449219,79.802360534668,80.3769378662109,81.7905578613281,83.0064697265625,82.9267272949219,84.1592788696289,85.9268798828125,86.8064117431641,87.7130156472262,86.5290014684288,107.646090534979,101.180897250362,103.578616352201,105.413190529876,105.614832535885,104.087170042971,105.382222222222,102.312146003776,97.6744464392579,97.5304295942721,103.838896020539,
HND,,,,,,,64.3261108398438,66.7260818481445,67.0854873657227,,73.3693008422852,72.8045272827148,71.1991729736328,68.2308197021484,53.6911043455277,55.1216519478842,55.2523310583486,54.7623596191406,,68.4164123535156,62.3465596528451,60.2124453124399,59.2098503112793,59.4406700134277
HPC,17.4969902038574,18.5031394958496,19.3374290466309,20.3094291687012,21.3181400299072,22.6604804992676,24.0221900939941,25.5367603302002,27.4004592895508,29.0351104736328,30.9143104553223,32.5410385131836,33.8987503051758,35.0838508605957,35.7731018066406,36.3251991271973,36.8096504211426,37.3247604370117,37.9172706604004,38.4506301879883,38.8707695007324,39.1958198547363,39.2724304199219,39.5125999450684
HRV,,95.7922592163086,95.9384307861328,96.3225402832031,,100.796699523926,100.721687316895,100.733200073242,100.755500793457,100.785598754883,102.289459228516,101.10627746582,101.08341217041,103.140029907227,103.976387023926,104.907768249512,105.486587524414,106.282768249512,107.253150939941,107.940246582031,108.669891357422,108.876899719238,108.496017456055,108.546096801758
HTI,,,,,,,,,,,,,,,,,,,,,,,,
HUN,96.5310821533203,98.6913299560547,99.9961776733398,101.836357116699,95.5287780761719,96.9495697021484,97.4231414794922,97.6521224975586,97.6947937011719,99.2112579345703,101.26692199707,102.006248474121,100.345176696777,107.44669342041,106.216468811035,104.879829406738,103.583801269531,104.332946777344,103.51586151123,102.385887145996,101.724212646484,99.5637893676758,102.542449951172,104.916549682617
IBD,59.1121482849121,60.1667404174805,62.3361206054688,63.9542694091797,65.6942672729492,67.4487915039062,69.0072326660156,71.6531066894531,74.0793762207031,75.9965362548828,77.7592086791992,79.2889175415039,80.5427322387695,82.6154632568359,84.5967178344727,84.4134674072266,84.9050216674805,84.423942565918,85.2913284301758,85.9744491577148,86.6853408813477,87.8183670043945,88.8826370239258,88.590690612793
IBT,51.056640625,52.0582008361816,53.8102798461914,55.1889190673828,56.4517097473145,57.7212715148926,58.9379806518555,60.743579864502,62.6050682067871,64.093391418457,65.5802993774414,66.7541427612305,67.8149795532227,69.4584884643555,70.5867614746094,70.6143493652344,70.935188293457,70.6176300048828,71.4286880493164,71.9366607666016,72.4409027099609,73.100212097168,73.7423477172852,73.7175903320312
IDA,27.4466495513916,28.5069808959961,29.3062896728516,30.4598007202148,30.9894790649414,31.8400897979736,33.1068687438965,33.7341003417969,35.2717094421387,36.8136787414551,38.5313606262207,39.523380279541,40.8463287353516,42.2208595275879,42.069408416748,43.1467514038086,43.7213706970215,44.1494102478027,45.2876815795898,45.9995384216309,46.633918762207,46.8494491577148,47.1027297973633,47.9449806213379
IDB,26.0812206268311,27.1374492645264,27.3216209411621,28.643159866333,30.3138103485107,31.0211791992188,32.7400398254395,32.8579711914062,34.6661682128906,36.3357315063477,37.729850769043,38.071418762207,39.3498802185059,42.0797996520996,40.2113990783691,41.6168518066406,40.9479103088379,41.1503791809082,42.5673599243164,44.0982284545898,44.8260612487793,45.2309188842773,45.8226890563965,48.4693908691406
IDN,55.1257095336914,56.169189453125,57.8687705993652,60.981201171875,63.4045181274414,61.954891204834,65.5009613037109,72.845329284668,70.6463317871094,75.0030670166016,76.5413818359375,78.8347778320312,81.492919921875,80.8373400803378,83.3549900998268,88.012649448813,89.0999579586062,91.8476348896733,93.7541308046929,95.9420767172654,97.2526258977195,98.3041172391285,98.185474262024,97.4046705284819
IDX,27.9010391235352,28.9667091369629,30.1225395202637,31.1728401184082,31.0780792236328,32.0196495056152,33.0285301208496,33.9554710388184,35.3319282531738,36.7950592041016,38.6843795776367,40.0516700744629,41.4108810424805,42.0606002807617,42.9096488952637,43.8637504577637,45.1659812927246,45.7906684875488,46.8124504089355,47.1396484375,47.7692413330078,47.9491500854492,47.9579582214355,48.0615310668945
IMN,,,,,,,,,,,,,,,,,,,,,,,,
IND,38.9118194580078,38.7999687194824,41.3250694274902,45.5992889404297,47.2715797424316,50.2120513916016,51.390209197998,54.4490394592285,58.1668281555176,58.6507301330566,62.3437995910645,64.624397277832,67.4936981201172,69.2553634643555,74.7539901733398,74.3924407958984,75.823371887207,74.2236328125,75.5565032958984,75.6416931152344,76.9018581684822,78.6777288018081,80.9193633018822,79.2123793802494
INX,,,,,,,,,,,,,,,,,,,,,,,,
IRL,109.549362182617,109.808570861816,111.292457580566,112.472328186035,113.681762695312,114.562652587891,113.762756347656,115.01000213623,114.988639831543,118.528137207031,121.657470703125,118.078887939453,119.381332397461,,118.297927856445,118.652038574219,118.613380432129,124.292877197266,165.307281494141,144.521484375,141.974639892578,141.58171081543,139.450531005859,
IRN,71.0602569580078,70.8468475341797,71.3788070678711,71.2510070800781,72.5664596557617,73.1008987426758,75.411491394043,76.9536514282227,78.5560073852539,79.4014663696289,77.7281036376953,79.6959381103516,80.8130187988281,79.7113418579102,80.5690994262695,80.8046798706055,82.1195220947266,81.7238006591797,,,84.9604034423828,,,
IRQ,27.8302001953125,27.4531402587891,,33.3460884094238,35.8271293640137,,,42.750431060791,,,,,,,,,,,,,,,,
ISL,112.418891906738,113.251411437988,116.697853088379,119.957382202148,109.347999572754,109.665580749512,109.666450500488,109.764930725098,108.088829040527,108.148422241211,109.966148376465,110.568481445312,113.343231201172,123.816963195801,122.319847106934,120.264518737793,116.968399047852,114.679817199707,113.783317565918,110.045211791992,108.87816619873,112.999610900879,110.178550720215,106.320831298828
ISR,98.102180480957,97.5640411376953,98.740592956543,97.3927536010742,97.3357162475586,96.9035491943359,96.765998840332,96.5175018310547,95.8410186767578,96.7854537963867,97.5289611816406,97.0620880126953,97.0195999145508,97.2703018188477,96.8591384887695,96.505241394043,97.2603225708008,96.8147277832031,97.2627334594727,96.8821868896484,96.644172668457,97.3891067504883,96.8969879150391,96.7158966064453
ITA,92.8487930297852,96.097038269043,97.0359878540039,98.1742935180664,98.7184906005859,98.8290634155273,99.1188430786133,99.3631820678711,99.8315582275391,99.8766174316406,101.048370361328,101.019592285156,99.9755325317383,100.541206359863,100.533279418945,100.56990814209,100.321586608887,100.285293579102,100.701438903809,100.929710388184,101.073577880859,101.245712280273,100.924369812012,100.401916503906
JAM,82.1989822387695,82.0432891845703,82.4636306762695,82.3553771972656,86.8673324584961,86.2242126464844,,88.4859008789062,90.2766189575195,90.9492568969727,92.5638443679897,94.7008819580078,,88.0026753615918,89.161127286711,87.8180659010758,89.5799290253363,86.0544417661238,84.739986572276,86.3051320241406,83.5566101074219,86.6220377560584,82.8671722412109,85.6044566148171
JOR,,,84.959228515625,85.0584030151367,84.6306762695312,85.5384216308594,88.3580093383789,89.5034408569336,90.5130767822266,,90.1925506591797,90.5657806396484,89.996940612793,90.0058657097509,91.9826453827636,,,91.5137035572558,92.4891451216421,92.5425629523907,93.0858429614664,92.8440273185155,93.4988532874014,93.1909358247647
JPN,,,,,,,,,,,,,,102.034713745117,101.990669250488,102.300872802734,101.552726745605,102.124122619629,102.560302734375,102.681167602539,102.829193115234,102.317039489746,102.477928161621,102.431587219238
KAZ,89.1025238037109,,,,,,96.475227355957,,,,97.1018374439523,97.7360563082277,98.2057617758137,97.505296092687,98.8825340771977,99.2999761450382,98.0107832338107,96.6959328368217,96.2488486443621,96.758870906544,91.6816314447458,93.9223187700412,93.6981837228001,94.8671029040021
KEN,39.7841300964355,40.212100982666,40.7447204589844,43.9185981750488,45.2924499511719,45.9471015930176,46.934700012207,47.2512016296387,54.2933616638184,54.5718307495117,,,,,,70.187444140127,73.1205739030308,,,,,79.6603133999262,83.4337197590316,84.7505339840655
KGZ,80.0949630737305,80.1173477172852,79.4984893798828,84.7630462646484,83.4454879760742,82.1718826293945,82.4580535888672,82.8428421020508,,88.7243728637695,87.3795815410487,87.4421175040858,87.004163224052,87.8419677828729,89.5127032733476,89.3803392348644,90.2972623073403,89.7482653344435,91.0594350779724,91.5009835275856,92.1680769300161,93.1961318508701,,92.1027509613575
KHM,12.7743301391602,14.5757503509522,17.9505195617676,21.7320804595947,25.3631000518799,,34.3806800842285,37.6149711608887,40.8487091064453,,,,,,,,,51.2054747282757,53.0927446861047,53.3177080845995,54.5285415649414,59.1888520896695,59.850293235261,60.3343523907692
KIR,68.3258666992188,81.1455535888672,85.8114471435547,93.3157577514648,93.2632217407227,89.7085266113281,89.5072708129883,88.7881927490234,85.3749771118164,,,,,,,,,,,,,93.4636603502039,95.0484764542936,100.551571980143
KNA,106.413093566895,96.7472534179688,95.0264129638672,96.1212692260742,92.4339065551758,93.4050521850586,,110.280372619629,111.532699584961,110.266731262207,107.334342956543,109.34342956543,92.7716827392578,128.944717407227,112.262702941895,115.620048522949,118.171806335449,120.649651972158,117.739025856885,112.30303030303,108.363636363636,118.408256530762,115.003099814011,130.727762803234
KOR,98.2106094360352,97.9438171386719,97.4044876098633,97.2058563232422,97.2399368286133,97.5727310180664,96.9087905883789,96.7846374511719,96.407600402832,96.9241409301758,97.3114166259766,97.4617385864258,97.2857513427734,97.6339797973633,98.3530578613281,98.3732299804688,98.453483581543,98.7714462280273,98.8866806030273,97.9251403808594,96.619010925293,97.7645034790039,97.5669174194336,95.9690704345703
KWT,88.5162506103516,90.2363891601562,,98.5272521972656,103.832092285156,113.676391601562,103.89916229248,102.424270629883,102.276557922363,102.015670776367,101.846071594242,98.8108291625977,103.851159711408,99.4679336547852,96.9901733398438,99.7793273925781,,,,,,,,
LAC,82.2670135498047,83.4100494384766,90.7872619628906,88.2236633300781,89.9176177978516,90.2489166259766,88.4776229858398,89.8340682983398,91.1097717285156,92.0654907226562,92.9224319458008,93.2469711303711,93.0461883544922,97.587532043457,97.7162780761719,97.8051376342773,98.8219528198242,99.1099166870117,100.221862792969,100.379447937012,99.8733215332031,100.721496582031,100.081932067871,100.380447387695
LAO,27.401819229126,29.2967090606689,31.9144496917725,34.5732192993164,36.436149597168,37.047550201416,36.8837394714355,37.8355903625488,39.2269515991211,40.9841690063477,42.871711730957,42.4216904826615,45.525951385498,49.4297722584981,55.2351608276367,59.772232688381,62.2666985609989,63.5469120681911,63.8298251272908,62.7755100424821,60.6465219892194,58.3834691492585,55.9171927545616,53.2568302183413
LBN,65.9806900024414,64.3623809814453,66.052490234375,68.1703186035156,69.5652008056641,70.1318969726562,70.9933471679688,72.4031066894531,72.9855270385742,75.2082824707031,74.984394389501,78.0964568809092,76.1323848482182,74.7805921960167,62.1051842337746,60.3778897955521,62.351438954916,66.1201281851679,68.2192125483757,69.5287831759035,70.2938677645431,71.177412177286,68.0329956698082,66.7372772721446
LBR,28.439359664917,,,,,,,,,,,38.8059883117676,,,31.7852096557617,31.3665904998779,,,,,37.0220985412598,,,
LBY,,,114.308647155762,110.30061340332,,102.042678833008,105.584159851074,,,,,,,,,,,,,,,,,
LCA,81.7228775024414,83.2157287597656,84.7546691894531,85.162956237793,75.5812606811523,87.2725067138672,91.7881317138672,94.5270690917969,98.5242462158203,100.330680847168,98.4699630737305,97.125129699707,94.1647262573242,92.7354431152344,91.8217620849609,91.9546737670898,91.5551681518555,90.8347015380859,90.4871978759766,88.6840362548828,89.3361511230469,,91.6141891479492,90.5332412719727
LCN,81.7892074584961,83.0510101318359,90.0146865844727,87.7489395141602,89.4052276611328,89.802131652832,88.2992324829102,89.54833984375,90.7860565185547,91.6666488647461,92.5485076904297,92.8820495605469,92.7997589111328,97.5087127685547,97.6046905517578,97.6465072631836,98.4324188232422,98.6545333862305,99.8022918701172,100.104858398438,99.7190017700195,100.688407897949,100.203941345215,100.538856506348
LDC,24.198299407959,25.3782005310059,26.6117000579834,27.1357402801514,26.9196300506592,27.8581790924072,28.9091606140137,29.8134098052979,31.2559795379639,32.8286895751953,34.848518371582,36.1645698547363,37.6930084228516,39.0613098144531,40.3128509521484,41.3441314697266,42.847599029541,43.5300102233887,44.5144805908203,44.7978897094727,45.5225601196289,45.6659317016602,45.675838470459,45.4348487854004
LIC,19.2532196044922,19.9996604919434,20.8379898071289,22.4006404876709,23.3115005493164,24.3522205352783,25.7542400360107,26.72825050354,28.4405002593994,29.8598594665527,31.2394199371338,32.5779609680176,33.6832504272461,33.1779518127441,33.6816101074219,34.0883712768555,34.5961303710938,35.3164710998535,35.7923583984375,36.247371673584,36.8219184875488,37.4900817871094,37.7314682006836,
LIE,,,,103.171249389648,103.859649658203,99.6525421142578,99.6570587158203,99.3852462768555,100.270820617676,97.8465728759766,100.0,101.0673828125,101.465690612793,,103.274223327637,101.72176361084,101.906776428223,105.065116882324,101.641143798828,110.007469177246,110.204078674316,109.090911865234,,
LKA,,,,,,,,,,,92.7051773071289,95.112060546875,97.1849975585938,97.8860232469157,96.1411697667469,97.2124296159383,96.5253510453528,97.5062635264586,99.2050919963165,,,91.9800637956542,90.6491955714904,90.4491165297148
LMC,39.2242393493652,39.7521591186523,41.4319915771484,43.9703102111816,45.0138206481934,46.6362800598145,47.5838317871094,49.2178916931152,51.493278503418,52.3352088928223,54.8984184265137,56.6165008544922,58.6043815612793,60.5203018188477,62.8911285400391,63.3554496765137,64.3369522094727,63.751091003418,64.9927520751953,65.5440673828125,66.4716873168945,67.2521286010742,68.3247604370117,68.203498840332
LMY,50.636531829834,51.6389389038086,53.3950119018555,54.7974700927734,56.1129112243652,57.3966217041016,58.6218414306641,60.4590797424316,62.315128326416,63.8080902099609,65.3059005737305,66.4967269897461,67.5718078613281,69.1495895385742,70.3158111572266,70.3628463745117,70.7101593017578,70.3994216918945,71.2089767456055,71.7132110595703,72.1600036621094,72.8236770629883,73.4827575683594,73.4478607177734
LSO,32.2869987487793,33.5986404418945,34.8072319030762,35.6447906494141,38.172981262207,40.7864608764648,42.6532783508301,46.9338684082031,51.0167694091797,56.7846603393555,62.8373908996582,65.863037109375,68.1460800170898,65.9366836547852,66.7313219029994,67.8270774378415,65.0972290039062,68.1387518596821,,,,,,
LTE,68.7858200073242,70.5072784423828,72.5507507324219,72.5063323974609,74.6520309448242,76.9773025512695,79.0702819824219,82.0606231689453,85.3041305541992,89.2734603881836,90.2441329956055,91.5452575683594,91.7002334594727,93.9377288818359,93.0754318237305,92.0840072631836,91.4169616699219,91.2339096069336,92.1066589355469,93.1583633422852,93.2326507568359,94.1037292480469,94.3606567382812,94.5393371582031
LTU,96.5509796142578,99.2935409545898,101.328956604004,103.705223083496,102.579322814941,104.165756225586,106.662200927734,106.777969360352,106.165969848633,104.750190734863,104.120399475098,104.555450439453,104.154022216797,106.44571685791,100.141189575195,100.028762817383,99.6887588500977,100.887222290039,101.501152038574,102.356819152832,104.941909790039,107.662101745605,105.173408508301,104.355499267578
LUX,101.520172119141,98.185302734375,97.9495086669922,97.5937271118164,97.0481719970703,96.6965484619141,96.5267333984375,96.6558380126953,97.3021469116211,,101.503318786621,101.81990814209,102.334587097168,104.802833557129,105.43293762207,106.386573791504,107.912910461426,108.230567932129,108.786758422852,107.631690979004,107.652420043945,107.486389160156,109.018447875977,108.685668945312
LVA,91.3850021362305,93.5370712280273,95.328987121582,96.0678863525391,98.8323669433594,102.411727905273,103.948348999023,105.011726379395,105.759788513184,99.7813491821289,102.114990234375,103.978866577148,104.845741271973,112.935676574707,112.199729919434,111.17414855957,110.434066772461,110.162521362305,108.584571838379,107.570869445801,106.199699401855,106.540283203125,105.172348022461,102.485107421875
MAC,,83.9162292480469,87.1809692382812,90.6741409301758,94.2692565917969,93.4739303588867,93.9249725341797,94.6795425415039,90.4638900756836,90.1166305541992,91.4267465854378,94.6152226550163,96.9751489935905,97.0595238095238,100.927631578947,101.774647887324,101.977941176471,98.5185185185185,93.8029197080292,91.8175182481752,89.9859154929577,88.92,89.5705128205128,91.7987421383648
MAF,,,,,,,,,,,,,,,,,,,,,,,,
MAR,35.1672592163086,36.7545204162598,38.5802192687988,40.5255088806152,43.4972381591797,45.7038993835449,48.9838714599609,52.1271018981934,54.1733512878418,56.9432411193848,59.2141571815954,61.6058418206276,63.780614962939,,,,,74.2546979867675,75.2608385790025,76.5740050948519,78.1902667388164,79.2970919837523,83.2706329144956,87.2227171713839
MCO,162.065216064453,,,,,,,,145.866943359375,,,,,,,,151.901138305664,,,,,,,
MDA,,,,,,,,,,,89.0274736504044,88.667058859956,88.9615898046282,88.9174917032512,105.129838400056,105.821275331092,106.359346502359,94.1081275473507,95.4169685647691,95.0363793316069,95.901275750102,96.2182041066503,97.3920322268435,96.9969097488181
MDG,,,,,,20.1245708465576,22.5522499084473,24.8774700164795,26.9826602935791,28.0163993835449,,33.6389503479004,34.9519919864486,,35.8271514538676,36.2567596435547,36.2822418212891,35.2360569008275,35.3710327591243,33.6142692093689,,35.2580222250234,,
MDV,55.1308898925781,65.1399536132812,67.695426940918,73.7963104248047,74.3923034667969,,,,,,79.9723518230517,84.0012033694344,79.41343067531,75.8327847267939,79.8635047566524,80.7421762848119,78.7856349500185,79.1508430806623,84.4644470214844,78.89697265625,77.4476047904192,,79.1463748290014,84.9893523087311
MEA,46.2440986633301,46.6951484680176,47.1025695800781,47.8145904541016,48.8658218383789,48.9622802734375,50.9403991699219,50.944751739502,51.2119216918945,52.2615699768066,52.1970100402832,53.5247993469238,53.5537109375,52.0718307495117,53.0181198120117,53.8907585144043,54.9065208435059,55.0110015869141,56.3839988708496,57.3141708374023,57.9312705993652,58.5643081665039,59.6928901672363,61.6829414367676
MEX,71.6285171508789,73.8780212402344,76.8405380249023,81.2989120483398,82.1962890625,83.1119232177734,85.4489822387695,87.0050735473633,89.310188293457,89.4026565551758,90.5796508789062,91.5306701660156,93.8122711181641,96.0909271240234,100.276077270508,104.495323181152,106.824447631836,109.083389282227,110.51097869873,110.386650085449,107.480339050293,103.972526550293,104.8212890625,108.700912475586
MHL,,,79.4897689819336,76.2464065551758,79.4486923217773,73.9568328857422,79.8606872558594,83.4545974731445,88.787483215332,86.5034713745117,,,,,,87.4442308455191,89.3410865372435,,,97.8863937516695,99.9664626859993,101.538986827047,88.8388208664228,96.0382022969399
MIC,53.3627395629883,54.4348182678223,56.3313598632812,57.836181640625,59.2899703979492,60.7172584533691,62.0681991577148,64.1449127197266,66.1744079589844,67.8443374633789,69.507698059082,70.79248046875,71.9878921508789,74.0031890869141,75.2885513305664,75.4128112792969,75.8613662719727,75.5017318725586,76.4620666503906,77.0973892211914,77.6914901733398,78.4491119384766,79.257942199707,79.3529586791992
MKD,82.1956787109375,83.0360412597656,82.9886322021484,82.7274703979492,82.2482604980469,82.7081069946289,,82.7487411499023,82.3995666503906,82.8811874389648,84.7018814086914,,85.5202713012695,83.0644989013672,82.9123382568359,84.5505599975586,,83.6312866210938,82.5274887084961,81.7043609619141,81.9225616455078,84.2663116455078,91.6712875366211,90.173713684082
MLI,11.1826200485229,,,13.8911600112915,15.979700088501,17.6681499481201,19.1023693084717,21.8998508453369,24.2745304107666,26.8929100036621,29.8736858622313,31.8513100718496,,34.540257437417,35.12660954853,34.4988647258526,34.1917935715776,34.447973185326,34.2633935963908,,,,,37.1307560416794
MLT,90.719108581543,88.7702178955078,90.5345077514648,92.9309234619141,101.232261657715,99.2456588745117,95.9733276367188,97.9540481567383,99.778923034668,,99.7307586669922,94.6769409179688,96.5823593139648,97.6585388183594,97.9214324951172,97.6185836791992,96.1698989868164,102.421508789062,104.604400634766,105.412406921387,104.432907104492,103.611381530762,102.908020019531,103.851119995117
MMR,41.076789855957,39.8251609802246,41.0750617980957,41.4488716125488,44.0865783691406,45.826358795166,47.8843383789062,48.29541015625,,51.3885917663574,53.1574516296387,,,,58.9736404418945,,72.2770767211914,77.0976104736328,81.8814926147461,,,,,
MNA,,,,,,,,,,,,,,,,,,,,,,,,
MNE,,,,92.3401794433594,90.9389038085938,92.1368026733398,93.0442962646484,93.1621780395508,99.4987716674805,96.1962509155273,99.5941162109375,93.3568115234375,92.932731628418,,,92.0022735595703,90.6202926635742,90.5475234985352,91.4177093505859,92.1967697143555,92.7898330688477,93.8239974975586,93.450813293457,95.1452331542969
MNG,67.8152618408203,74.9323806762695,79.7449417114258,86.7754516601562,92.5285034179688,96.3413619995117,96.3707962036133,,,101.966873168945,94.4007186889648,,,,,,,,93.3913463704946,91.1179790787994,99.0120395114876,101.767368447062,96.3042193568297,99.3672996596348
MNP,,,,,,,,,,,,,,,,,,,,,,,,
MOZ,4.54680013656616,5.15360021591187,6.49581003189087,,8.65153980255127,10.5513401031494,12.6779804229736,15.0729103088379,17.2325000762939,20.2017803192139,22.5305413242969,24.072161852572,24.0955956725326,32.5833282470703,32.2183418273926,32.985279083252,,35.2994499206543,,,,,,
MRT,15.1392002105713,17.7171096801758,17.8554096221924,19.2371807098389,20.1336193084717,20.7180900573731,20.9435291290283,,17.1987209320068,17.876070022583,18.2780303955078,20.1222400665283,23.9687918780301,27.9143759343964,28.0396485304939,28.8231465861958,30.5243563459821,30.7430804973383,34.754930908232,37.5735638620028,36.1789325617578,,,
MUS,,79.2426376342773,82.4899520874023,85.3790588378906,85.8464736938477,87.766487121582,88.2761993408203,88.2235717773438,87.8380432128906,88.413818359375,88.7164688110352,90.4235763549805,94.0829963073677,95.0431976318359,97.9171913191615,95.9186994275233,96.6578558308319,95.6264935299157,93.8197294421645,94.0894965817278,91.3439926033381,,,
MWI,26.2098903656006,27.5069007873535,26.6317901611328,,24.9910697937012,24.8580207824707,26.8940505981445,26.4809303283691,28.9009094238281,30.1589107513428,31.2023279228704,32.4309158727431,32.3157881419039,35.4070171986027,37.2084539407515,37.6379016435624,35.6916809082031,39.0289251751713,38.1734496554461,31.9471376555901,43.9545178667563,36.1013396035833,35.8626281732909,37.2564052253575
MYS,80.8184204101562,80.0183334350586,80.0127487182617,86.7379989624023,87.0565872192383,81.4064178466797,80.2904510498047,78.2031784057617,78.7946472167969,78.8667907714844,81.1128234863281,81.9482421875,84.8274688720703,85.4070587158203,88.8742599487305,87.3510665893555,84.7308502197266,83.2714004516602,79.4510116577148,79.9411773681641,77.4047622680664,78.5013407999187,82.2986504789168,82.6422941806466
NAC,95.5698165893555,95.1561889648438,94.7082214355469,95.5795364379883,96.4445114135742,96.2285079956055,94.9494400024414,95.1765670776367,95.4206085205078,96.4992523193359,96.5648193359375,96.6986389160156,97.5537719726562,97.6731033325195,98.7799606323242,99.368782043457,99.6349105834961,99.8584365844727,99.9377136230469,100.248710632324,100.397407531738,102.064552307129,99.5094299316406,97.2571105957031
NAM,66.3425064086914,70.4965362548828,68.4618530273438,67.7303466796875,67.1026916503906,65.8467407226562,65.4616622924805,66.3780670166016,,,71.5850049614779,75.9020999319308,77.4235835218031,79.1245312674155,79.8738123230912,81.7415343444417,82.4628831856333,82.9187287944073,82.4447917914626,83.3997206880115,87.2617411950085,87.1498788500333,86.1980083129179,86.2067962132394
NCL,,,,,,,,,,,,,,,,,,,,,,,,
NER,4.98891019821167,4.9542498588562,4.93831014633179,5.46088981628418,6.5729398727417,7.39444017410278,8.45728969573975,8.04238986968994,8.25140953063965,8.63199996948242,10.5467544710513,10.916829239485,12.1001362710247,13.1905159332884,15.0409626668381,16.6576291122559,19.4438558469203,20.3042793946679,,,,,,20.6873224974982
NGA,21.7487506866455,23.8450603485107,24.8241996765137,,30.0385608673096,30.5882091522217,29.7225399017334,26.4539299011231,30.5725002288818,34.5709915161133,39.0084915161133,39.6406402587891,42.4270210266113,50.3317909240723,40.3631896972656,41.8675918579102,37.2762603759766,,39.4427909851074,,43.9140815734863,45.1787605285645,,47.4061508178711
NIC,56.8607711791992,60.0477981567383,64.3938293457031,,68.6075820922852,71.9072418212891,72.6188430786133,75.9113464355469,74.748046875,,74.4894104003906,,,,,,,,,,,,,70.6665573120117
NLD,120.941116333008,121.740753173828,119.29337310791,119.250862121582,116.085929870605,116.514122009277,117.278106689453,118.606109619141,120.38207244873,121.743392944336,123.655319213867,128.919281005859,110.343353271484,,,114.759147644043,113.61457824707,115.796371459961,114.827590942383,115.097122192383,136.940444946289,136.865417480469,140.989440917969,140.839157104492
NOR,118.078102111816,116.061431884766,114.660079956055,114.726753234863,115.898513793945,112.202201843262,111.259620666504,110.908531188965,110.293609619141,109.753890991211,112.210998535156,112.686630249023,111.270492553711,112.620422363281,111.358840942383,113.49649810791,114.915069580078,115.061729431152,115.596313476562,116.849769592285,117.254188537598,117.828887939453,117.932258605957,116.642189025879
NPL,28.1299896240234,30.6444206237793,34.2659187316895,35.8331108093262,,40.9631500244141,39.2674293518066,39.5153884887695,45.707649230957,46.5078506469727,55.0515098571777,59.230411529541,64.4251327514648,67.1050796508789,69.3774108886719,70.6879119873047,73.9553375244141,77.7481231689453,,84.223991394043,87.491828918457,85.6409873713909,84.9171356280891,90.7214299008772
NRU,50.7757415771484,45.1008605957031,45.6166381835938,49.0196113586426,39.701488494873,45.1038589477539,62.7421798706055,54.3778800964355,66.8789825439453,,,,81.6326522827148,,84.7058792114258,,79.6178283691406,,,91.0581207275391,86.9172897338867,,100.421348571777,93.0666732788086
NZL,115.455337524414,,121.638671875,123.209617614746,118.753517150879,122.798377990723,120.178230285645,120.425506591797,120.224601745605,126.98787689209,121.578903198242,121.213340759277,120.056953430176,119.244888305664,119.416603088379,118.08772277832,117.256340026855,116.713752746582,116.203987121582,123.941261291504,120.29231262207,120.655471801758,117.863876342773,117.271408081055
OED,94.2024307250977,95.4742736816406,96.2150573730469,97.2690963745117,97.0134887695312,97.7831192016602,97.8382797241211,98.331901550293,98.85888671875,98.6575469970703,99.7328720092773,99.9333724975586,99.7415237426758,104.245811462402,105.319473266602,105.935737609863,106.198120117188,106.952301025391,106.945007324219,106.935211181641,106.777572631836,107.016960144043,106.403388977051,106.005500793457
OMN,77.7238235473633,79.8200912475586,80.8610305786133,82.2718811035156,,85.8983535766602,88.3451995849609,90.8690490722656,92.0375289916992,96.9309463500977,,115.394191525237,111.024270475116,110.312770028392,,101.587336228658,100.638573236813,101.150822367266,103.041481138997,101.22554053215,93.5329595650697,93.2710477870208,91.191469277966,
OSS,52.5268592834473,53.4910202026367,54.5168190002441,57.3695793151855,57.1097793579102,58.4451484680176,59.8727684020996,61.3556213378906,62.1403312683105,63.6232299804688,66.5085067749023,65.3746337890625,67.0391082763672,68.0531921386719,69.3246002197266,70.2543182373047,71.1938934326172,72.4134902954102,73.3735961914062,74.3477325439453,74.9267196655273,75.5489273071289,75.7426071166992,
PAK,,,,,,,23.8528308868408,25.1138095855713,25.1925296783447,25.688850402832,25.4582159212789,25.3949380688813,25.7528705596924,26.3995425354199,28.5600893522118,30.3251040463428,31.73991038953,31.2563221783058,33.7539426003326,35.5736865644319,,36.7848892672203,37.4490104990348,39.5879695501278
PAN,66.3138732910156,68.7314834594727,70.0393371582031,,69.9115905761719,70.0244979858398,70.2012710571289,70.260612487793,71.5468597412109,73.2163925170898,74.4197850576201,74.7238313177595,,79.2133026123047,79.2297592163086,79.0192337036133,84.1366882324219,79.0785217285156,,,,,,
PER,77.7910308837891,80.6675033569336,81.8630523681641,75.7539367675781,80.4402313232422,81.2227935791016,84.4381866455078,87.3102722167969,88.6442031860352,91.3245620727539,93.7324676513672,94.8989334106445,92.8410034179688,98.5790786743164,97.2061767578125,98.0674209594727,100.164909362793,99.50537109375,98.6696395874023,98.8904113769531,100.080932617188,102.32568359375,103.652191162109,113.164916992188
PHL,,74.767219543457,79.5809020996094,81.6581802368164,83.6550674438477,83.67626953125,82.1593627929688,81.8686599731445,82.4900894165039,84.3866271972656,,,,,85.4555672434059,85.5248692113886,86.0883666592253,84.2528228759766,82.4822175600847,87.6308727761127,89.6099009594054,87.9361520075232,93.8565182415521,92.2052107888903
PLW,91.9273529052734,,,,97.8632507324219,,,,,,,,,109.33332824707,112.464589235128,,,,,,160.326889038086,105.065116882324,88.5593220338983,97.6190476190476
PNG,,,,,,,,,,,,,32.6879479913319,,,,,,40.4233467116333,41.5678577082811,40.4603408609418,48.9409565731442,,48.1780291095574
POL,99.6686401367188,100.486572265625,102.079460144043,104.052558898926,99.0511016845703,100.700813293457,99.7898635864258,99.5984573364258,99.4151229858398,99.1387176513672,99.6203994750977,99.9345169067383,99.8879928588867,109.392158508301,107.965179443359,107.555976867676,107.49730682373,108.001609802246,109.459831237793,108.760276794434,112.317840576172,109.834098815918,107.567939758301,107.910926818848
PRE,18.4421291351318,19.4840602874756,20.2954196929932,21.8995800018311,23.1740303039551,24.1649799346924,24.8874893188477,25.1443195343018,27.7371292114258,29.8313694000244,31.8350296020508,32.9029388427734,34.4295501708984,37.1601486206055,35.9321403503418,36.8539009094238,36.6112899780273,37.5345191955566,38.3734588623047,39.3805389404297,40.4143104553223,41.0802612304688,41.452709197998,41.9789581298828
PRI,,,,,,,,,,90.4561462402344,89.8547134399414,85.3739318847656,88.7678070068359,90.6086273193359,92.2278671264648,99.7742919921875,87.7187728881836,,90.4226531982422,,,,,112.479949951172
PRK,,,,,,,,,,,,,,,,94.8986968994141,,,,,,,,
PRT,111.98893737793,111.711250305176,112.623863220215,113.136199951172,100.022537231445,101.168586730957,99.9085464477539,103.064010620117,104.721168518066,107.557548522949,109.032386779785,109.955856323242,110.881690979004,119.206550598145,114.940048217773,116.3916015625,115.198280334473,117.064079284668,118.86946105957,120.158042907715,118.972717285156,119.506401062012,121.729446411133,121.013473510742
PRY,65.8415679931641,69.342658996582,70.7528381347656,68.4177780151367,69.9641571044922,70.1815185546875,70.2643737792969,70.6646575927734,72.4440612792969,73.5109176635742,75.320072641356,78.1639709472656,85.5904312133789,,,,84.2714777594267,,,,88.6356499895332,91.6603622436523,87.3263168334961,81.5245895544797
PSE,77.6240234375,80.3880081176758,82.0936126708984,84.433952331543,87.8212738037109,89.1882629394531,91.1926574707031,91.6056976318359,91.2910003662109,91.1607971191406,90.614418241199,90.4789097664676,89.7635136812524,89.3845067710673,89.2406335817968,89.9287548247777,90.2320188949519,91.1514747935572,91.43948440818,92.1069779946866,92.3509100224999,92.9705244906805,92.7547421358175,92.1529721719084
PSS,62.3544082641602,62.2972602844238,64.8164520263672,65.9099807739258,66.4432373046875,66.5287170410156,68.0545272827148,67.9842300415039,69.6907501220703,72.1379470825195,74.0303497314453,74.1887435913086,73.3126983642578,73.6747207641602,74.1507873535156,74.3910293579102,74.3553085327148,74.5658721923828,74.8235778808594,75.1147079467773,75.3268508911133,76.0806198120117,80.4202423095703,85.149528503418
PST,100.875579833984,101.341667175293,101.486572265625,101.905502319336,101.426467895508,101.675567626953,101.169761657715,101.323890686035,101.652656555176,102.090309143066,102.783782958984,102.406517028809,102.461280822754,105.584037780762,105.992668151855,105.723571777344,105.410469055176,105.532516479492,104.895156860352,104.926292419434,104.928176879883,105.48853302002,104.618598937988,103.374778747559
PYF,,,,,,,,,,,,,,,,,,,,,,,,
QAT,,98.1914596557617,98.5448684692383,100.580139160156,101.124069213867,102.335876464844,101.799743652344,100.888458251953,102.374160766602,99.5016098022461,99.4061618062088,96.5915891409608,102.69592476489,100.272006631781,97.8229904174805,102.855682373047,101.471275105091,102.250071204785,101.167953667954,106.114051818848,104.936542983826,94.4009874257502,103.828099708644,
ROU,82.9692764282227,83.997932434082,85.8472137451172,85.0776214599609,83.237922668457,81.6252365112305,85.9666519165039,83.9815826416016,94.1028213500977,103.092918395996,101.837959289551,99.8830795288086,96.6138229370117,94.7376480102539,92.9854202270508,91.041862487793,88.5227890014648,88.4959869384766,86.5674591064453,86.5128479003906,86.8440933227539,86.4143218994141,83.2872314453125,81.8756637573242
RUS,,,,94.4848098754883,87.7309417724609,86.1054534912109,85.6202087402344,85.5552978515625,85.5771331787109,88.4459609985352,,93.4703613490167,94.4915054288516,95.1585451333232,94.7123193518247,95.5388063257807,95.5642562629198,96.9046880348653,98.3779350439121,99.6904540870663,91.1345354950116,91.4263276032683,91.9435067815037,91.6148817164136
RWA,,10.9549598693848,11.8687896728516,12.6320600509644,14.3239402770996,15.2659702301025,17.0705509185791,19.0499095916748,20.7554893493652,25.6122798919678,32.2987518310547,37.1736793518066,40.8421783447266,31.6404940535794,43.2179310615644,40.5258619158058,39.8630035289782,41.5758285639592,43.2482338226061,46.5223774240521,,47.0146410981496,47.5004278023246,48.7785157251447
SAS,40.5729293823242,40.8564796447754,43.2442016601562,46.8258094787598,47.6684112548828,50.1592597961426,51.1434783935547,53.7980499267578,57.021728515625,57.7675285339355,61.3690986633301,63.5410003662109,66.3012619018555,68.1774368286133,73.1499404907227,73.1828765869141,74.9855804443359,73.732780456543,75.2186279296875,75.2787170410156,76.702880859375,78.1247634887695,79.9995727539062,78.5853118896484
SAU,,,,,,98.349739074707,,,,106.745018005371,,,,93.2386305984536,98.8259666809098,103.193475670071,106.195082803448,107.213197631228,106.805095615016,104.201619656228,103.703644184464,102.31567264971,120.79801594321,
SDN,,29.0130805969238,31.4626502990723,31.7940292358398,34.8905601501465,34.6907081604004,33.4989814758301,32.034049987793,33.5710983276367,36.356689453125,36.596378326416,33.5257797241211,36.8792190551758,39.7228088378906,40.006519317627,42.1506309509277,40.467399597168,43.3027687072754,42.4490699768066,44.8803787231445,,,,
SEN,11.979640007019,12.332010269165,13.5592498779297,,16.6612892150879,18.9345207214356,20.7912902832031,,27.028829574585,,34.5189208984375,40.7124286126975,44.9835760823554,48.301600402966,50.5133794878854,,,,,47.6122826558931,48.7408134468399,50.1069716907194,51.0293572947889,50.2150531512901
SGP,,,,,,,,,,,,,,,,,107.364959262144,106.88839463636,105.214493204689,104.181057515607,102.619251241336,102.820483763331,102.73547410258,102.676070813741
SLB,16.835599899292,20.6115093231201,26.704740524292,,,27.2854099273682,31.7271194458008,32.7333793640137,,,47.2111701965332,47.1220817565918,47.6625213623047,,,,,,,,,,,
SLE,,21.2856006622314,,,,,,,,,,34.7692489624023,41.3290214538574,36.7521209716797,,37.5164985656738,40.7735595703125,41.1011695861816,42.5191192626953,60.979808807373,62.9357109069824,74.4143295288086,,91.7119293212891
SLV,53.2483711242676,55.8607711791992,59.3954086303711,63.2922401428223,67.1742630004883,67.4095611572266,67.9830932617188,68.2611923217773,67.0742568969727,67.4736785888672,68.8328162271063,70.2541252159409,71.454258159429,73.3605507980312,72.7385537934052,72.0438162131663,69.2825794984198,66.9212075557367,67.797487363072,66.123873218959,66.5137094782116,67.7409182456172,68.410512155513,68.5344206950006
SMR,,,,,,,,,64.6374206542969,64.6288223266602,68.6257629394531,67.7065811157227,66.7495880126953,,,,,,57.6923076923077,59.4113090627421,59.9095704596835,59.5874713521772,59.4007490636704,59.8075499629904
SOM,,,,,,,,3.84326004981995,,,,,,,,,,,,,,,,2.75847005844116
SRB,92.1466674804688,90.5736694335938,89.953987121582,89.9016723632812,89.5837326049805,89.9540328979492,90.6214599609375,90.7431411743164,91.6802597045898,92.6842422485352,92.3555679321289,94.8221206665039,95.5591888427734,95.7280197143555,95.4097366333008,97.3809509277344,96.882682800293,95.8786926269531,95.5646591186523,94.9925765991211,92.9392471313477,93.2046813964844,92.8318710327148,
SSA,22.6678905487061,23.7459506988525,24.284460067749,25.3785400390625,26.6732807159424,27.6099700927734,28.4692993164062,29.0852508544922,31.1639308929443,32.9944610595703,34.9302597045898,36.127140045166,37.7186889648438,40.247688293457,39.3362312316895,39.9736595153809,39.7671089172363,40.3692207336426,40.8536911010742,41.8304290771484,42.7509613037109,43.4608612060547,43.7772483825684,44.2103118896484
SSD,,,,,,,,,,,,7.3020601272583,,,,8.0513801574707,,,,,,,,
SSF,22.6744499206543,23.7513294219971,24.2899494171143,25.3840808868408,26.6784706115723,27.6153392791748,28.4737796783447,29.0900192260742,31.1681404113769,32.9982681274414,34.9334907531738,36.1298713684082,37.7216110229492,40.2503395080566,39.3387718200684,39.976261138916,39.7697906494141,40.371768951416,40.8560485839844,41.8325309753418,42.7530403137207,43.4628715515137,43.7793312072754,44.2121391296387
SST,59.5752296447754,60.3716316223145,61.3390197753906,63.2497787475586,63.3338203430176,64.2955093383789,65.6151428222656,66.8766021728516,67.7862396240234,69.0761337280273,71.6559371948242,70.9572906494141,71.8961410522461,72.3302307128906,73.2717437744141,73.7108535766602,74.6144866943359,75.3346328735352,75.903190612793,76.7563323974609,76.861701965332,77.3530426025391,77.6589813232422,78.010009765625
STP,,,,39.3140983581543,40.7657203674316,44.7436714172363,,48.4593505859375,45.365550994873,52.2087516784668,50.9835586547852,52.2642288208008,59.7818183898926,66.1306762695312,77.0031433105469,85.4740676879883,87.7800827026367,95.1290435791016,,,,,,
SUR,,75.541130065918,83.0842208862305,,,78.6488189697266,81.0094223022461,81.8407363891602,80.975456237793,76.6016998291016,80.6175994873047,79.3585815429688,79.1286087036133,78.6872406005859,76.9391174316406,78.6041488647461,,,,,,70.7176818847656,77.5019176074373,
SVK,88.2810821533203,88.1246337890625,89.0171585083008,91.3358383178711,94.4136505126953,95.744010925293,95.871223449707,95.7360076904297,95.2825317382812,95.0532531738281,95.2302780151367,95.2902526855469,95.3833312988281,94.3745574951172,93.4395599365234,92.5494537353516,92.0748672485352,91.9410705566406,92.4617462158203,92.1884994506836,91.6913375854492,91.8019866943359,92.8732299804688,93.5071716308594
SVN,104.50528717041,109.847099304199,109.827102661133,110.677322387695,98.9839782714844,98.4201812744141,97.2961807250977,99.123893737793,99.6752166748047,98.8639907836914,98.0620422363281,97.9105606079102,97.7083282470703,110.404258728027,110.249092102051,109.984649658203,116.400497436523,115.774978637695,114.688491821289,112.492553710938,111.227478027344,108.541328430176,108.789093017578,108.57103729248
SWE,170.504318237305,165.631896972656,158.776672363281,148.485015869141,103.179138183594,101.34204864502,101.008438110352,100.787086486816,101.293617248535,101.153099060059,101.71981048584,101.528671264648,102.479888916016,141.469116210938,142.575439453125,146.889114379883,145.599060058594,148.528549194336,147.598724365234,142.982864379883,143.369766235352,146.834045410156,148.988021850586,143.316436767578
SWZ,42.7815818786621,42.9482002258301,43.8290100097656,43.1537284851074,45.834659576416,48.8366012573242,52.9540214538574,53.4239311218262,,57.9981803894043,62.7447319030762,64.7975387573242,66.9680328369141,69.7378005981445,73.5833206176758,76.7041397094727,82.1736533366008,,,,,,90.8286209106445,
SXM,,,,,,,,,,,,,121.167315175097,,106.940063091483,,,,,,,,,
SYC,82.1856918334961,74.2551116943359,77.2425918579102,80.1752700805664,79.3796310424805,83.9748611450195,76.6555328369141,81.1228485107422,78.1517486572266,76.3178329467773,73.0633773803711,76.9048643994834,74.5624465942383,89.2255892255892,90.5354919053549,94.5454545454545,101.458499071864,113.519952352591,106.99716713881,100.954458685574,102.862543883338,104.619930163846,78.1369548584545,75.8835758835759
SYR,41.8427505493164,42.4856414794922,43.8788604736328,58.0821113586426,60.973819732666,64.111328125,65.7816696166992,67.0424194335938,67.7757873535156,69.3705520629883,70.5109329223633,71.8534393310547,72.8255767822266,47.3244400024414,,,,,,,40.9866714477539,41.2969818115234,42.0501708984375,42.0292587280273
TCA,83.0188674926758,,,80.0256118774414,85.5878601074219,93.9393920898438,,,,107.745780944824,,,,,70.3932189941406,78.5111281657713,69.2889561270802,80.772142316427,86.8580093383789,83.3458929917106,81.2965722801788,87.9500427246094,95.5202331542969,101.720430107527
TCD,4.86319017410278,5.92101001739502,6.716139793396,7.23851013183594,7.58640003204346,7.99178981781006,8.39060974121094,11.3585796356201,12.1731004714966,13.3485803604126,13.3503582919367,13.9537990672367,13.9380247654593,15.5360282192823,14.2828502655029,13.880263310419,14.2798381653045,14.0123630025093,13.9039225599097,14.1967132658225,,17.2672329408201,,19.2402040168684
TEA,57.0315093994141,59.2179107666016,60.3938217163086,62.1098098754883,65.2021179199219,67.6620712280273,70.9818725585938,74.9075927734375,77.8543090820312,82.3411712646484,83.34423828125,84.9011993408203,85.726921081543,86.6558074951172,86.3143920898438,86.5495834350586,86.0514678955078,86.2188720703125,86.9969024658203,88.6385192871094,89.5575103759766,90.1944808959961,90.9774169921875,91.7039489746094
TEC,87.6772766113281,89.4204711914062,90.6718521118164,91.4140014648438,88.7538833618164,87.1847305297852,88.5636291503906,89.2510299682617,89.7542266845703,89.4047393798828,90.8484420776367,91.8245391845703,92.2141799926758,97.1514587402344,97.9911727905273,97.9764862060547,98.0270080566406,98.9324569702148,99.4584503173828,99.4928283691406,96.9749603271484,96.7162628173828,96.9985275268555,96.8232421875
TGO,19.6559391021729,21.8023300170898,25.0553398132324,27.0041999816894,28.7924709320068,30.9342098236084,32.7757911682129,29.8247108459473,,,,,,,,,,51.5055745468098,,,,56.962123807999,,59.0849653049812
THA,,63.5018310546875,66.0132675170898,,70.303337097168,74.2811279296875,74.4977035522461,79.2540969848633,78.4941711425781,80.0788726806641,81.6428680419922,89.5313262939453,87.9248504638672,86.9725189208984,125.869453430176,120.846893310547,121.327583312988,86.0704322494438,87.3145736498592,85.5828342157346,86.5028787913307,88.4176900305973,94.929673800743,96.6361035696829
TJK,63.1059913635254,63.6778411865234,65.0725173950195,67.4764785766602,68.9734802246094,69.2418670654297,69.8144989013672,70.9309921264648,73.0743865966797,74.3436737060547,74.2631072998047,75.5782928466797,78.0864105224609,79.1657104492188,,,,,,,84.0353803669802,84.6863463051504,85.1438254472206,83.7874636593437
TKM,,,,,,,,,,,,,,,,,,,,85.1072153533862,87.9286483161618,90.9738998413086,93.1647186279297,
TLA,81.6936492919922,82.9421920776367,90.0301666259766,87.6782684326172,89.3608474731445,89.7480316162109,88.2021179199219,89.4879989624023,90.7566299438477,91.6688919067383,92.5695877075195,92.9363327026367,92.8396377563477,97.6307601928711,97.6352081298828,97.6419296264648,98.4624328613281,98.6692733764648,99.8246307373047,100.109489440918,99.6935195922852,100.692810058594,100.131057739258,100.539413452148
TLS,,,,,57.4367485046387,59.5954513549805,,,57.0424880981445,66.6238479614258,68.6269372897248,71.4300991899046,71.6261633919338,69.9035409795258,72.1954898017811,75.7349709712488,80.4793824903514,84.7672794199171,87.2436736474694,89.6775720031834,89.3942621030436,,,
TMN,,,,,,,,,,,,,,,,,,,,,,,,
TON,102.80802154541,99.6704864501953,104.751586914062,,,,99.0016174316406,86.3509674072266,107.204528808594,119.411682128906,110.511276245117,106.433456420898,97.7831802368164,98.4293899536133,102.685864599197,108.722566122679,,,,101.290988897495,96.1400359066427,106.296201886311,101.076767164935,97.895246159429
TSA,40.5729293823242,40.8564796447754,43.2442016601562,46.8258094787598,47.6684112548828,50.1592597961426,51.1434783935547,53.7980499267578,57.021728515625,57.7675285339355,61.3690986633301,63.5410003662109,66.3012619018555,68.1774368286133,73.1499404907227,73.1828765869141,74.9855804443359,73.732780456543,75.2186279296875,75.2787170410156,76.702880859375,78.1247634887695,79.9995727539062,78.5853118896484
TSS,22.6744499206543,23.7513294219971,24.2899494171143,25.3840808868408,26.6784706115723,27.6153392791748,28.4737796783447,29.0900192260742,31.1681404113769,32.9982681274414,34.9334907531738,36.1298713684082,37.7216110229492,40.2503395080566,39.3387718200684,39.976261138916,39.7697906494141,40.371768951416,40.8560485839844,41.8325309753418,42.7530403137207,43.4628715515137,43.7793312072754,44.2121391296387
TTO,,,,,87.3486480712891,,,,,,,,,,,,,,,,,,,95.1876678466797
TUN,74.7923202514648,77.1083908081055,78.3930435180664,79.2942810058594,,87.7173919677734,90.072380065918,,94.3590087890625,91.7849884033203,90.7552108764648,90.9749908447266,,,,,95.4877166748047,,,,,,,
TUR,63.1940116882324,72.3898696899414,76.3927612304688,78.0895462036133,77.7478103637695,78.0205230712891,81.7884063720703,84.3841094970703,84.4206237792969,77.3252868652344,81.3065490722656,84.8130187988281,83.5451507568359,101.523071289062,105.464340209961,106.707969665527,108.04418182373,110.961929321289,111.409126281738,110.276336669922,111.511711120605,113.14852142334,114.45539855957,
TUV,,79.1353378295898,,,,,,,,,,,,,86.5306091308594,96.6386566162109,85.5491333007812,,86.4122085571289,85.4070663452148,79.6899224806202,96.5023847376789,100.0,104.873949579832
TZA,,,,,,,,,,,28.6016407012939,,,31.0077818769829,29.0062999725342,25.9106006622314,25.6934364827346,26.6423516825531,29.1602013185307,31.1972029418227,32.1652787700855,29.2047595977783,,
UGA,,,,,16.8686599731445,,,21.5002498626709,,,,,,,,,,,,,,,,
UKR,98.193229675293,98.8703765869141,100.236778259277,101.120651245117,98.2237396240234,91.2730178833008,96.4371032714844,97.5493469238281,96.8652420043945,96.3311386108398,96.942228683639,94.7154860488778,98.4852773037302,98.0469615030478,97.3614608821971,89.8863449960325,88.2942638037531,86.8121857927259,85.9279826554464,84.7468835528529,84.7870132572542,85.0508078338962,,
UMC,66.2597122192383,68.3133697509766,70.6292572021484,71.2107620239258,73.840202331543,75.7810897827148,78.3796768188477,81.7421188354492,84.385009765625,87.9890213012695,88.9938888549805,90.385612487793,90.9012832641602,93.5033798217773,93.6200866699219,93.5445327758789,93.4494018554688,93.6901931762695,94.4231109619141,95.2726516723633,95.6853103637695,96.4112930297852,96.6962585449219,97.1281433105469
URY,102.627563476562,106.713279724121,111.768592834473,117.109466552734,115.683738708496,109.80770111084,109.769859313965,92.125846862793,93.4709930419922,94.7426071166992,106.562271118164,,,,,,,122.787338256836,124.153419494629,126.343617174679,123.152969360352,127.390487491348,128.742960061751,125.241045093642
USA,,,,,,95.9484786987305,,,,,,,,96.3090591430664,97.5130462646484,98.1735763549805,98.4747085571289,98.695556640625,98.7960586547852,99.189453125,99.4142990112305,101.344367980957,98.6511611938477,
UZB,83.9072113037109,,,93.6033630371094,94.2597122192383,86.4646072387695,87.5898895263672,89.1888122558594,87.9145126342773,89.0407485961914,89.7888793945312,89.2128524780273,91.5890082905573,91.6004685595298,91.3187707069968,91.938963197135,92.4681516255333,93.5591792866064,94.8141255682856,96.2599029541016,90.407816338473,96.6067427080091,96.8054259764286,97.0191649872622
VCT,91.9645767211914,,91.8197937011719,91.2639083862305,100.018661499023,102.079788208008,,113.044311523438,117.714179992676,116.112533569336,115.479309082031,108.105308532715,107.489356994629,110.041656494141,113.528747558594,116.049102783203,,,,,,,,126.988342285156
VEN,64.4638214111328,68.3014984130859,72.3493194580078,73.3737564086914,75.9502868652344,78.2394714355469,80.8675308227539,83.1648788452148,84.4423980712891,85.081657409668,85.0954513549805,85.9672698974609,88.2607498168945,96.2343673706055,94.9835891723633,92.9153289794922,89.12158203125,87.9344787597656,,,,,100.249549865723,101.692710876465
VGB,98.7146530151367,98.8943481445312,92.8406524658203,98.5393295288086,98.6696166992188,112.334800720215,114.175819396973,113.267539978027,,106.144073486328,106.113990783691,97.9529170931423,97.4103585657371,98.6381322957199,99.0403071017274,99.1428571428571,98.3240223463687,91.5360501567398,67.0731707317073,71.2076583210604,71.6428571428571,71.9810040705563,70.318733215332,67.6392572944297
VIR,,,,,,,,,,,,,,,,,,,,,,,,
VNM,,,,,,,,,,,,,,,,83.8337492903167,86.3064277183873,87.6304773371075,88.6447461101443,89.7093994425268,89.4501554566878,90.3080638471257,90.5445572317873,
VUT,36.3795394897461,32.9031410217285,36.6023406982422,34.7020416259766,37.1137084960938,,,,,,54.8430037539749,,,,,56.5349197387695,,,,,62.0561790466309,64.2566909790039,82.8080237164725,134.925790252936
WLD,56.860279083252,57.7146911621094,59.2128295898438,60.4301910400391,61.512378692627,62.6939315795898,63.7244415283203,65.3435592651367,67.0329208374023,68.4285202026367,69.7701110839844,70.7247619628906,71.6249618530273,73.3740463256836,74.414909362793,74.425422668457,74.671012878418,74.3800277709961,75.0290069580078,75.4552917480469,75.8665008544922,76.4972991943359,77.0481109619141,76.9081802368164
WSM,81.926628112793,82.3564071655273,81.641471862793,85.8196029663086,86.1043395996094,85.8627319335938,86.554328918457,85.619270324707,,87.5538177490234,88.332774874133,87.1387577185788,85.6477162580853,,91.6336007221516,91.2186009453888,91.1509944232257,,,,,,,
XKX,,,,,,,,,,,,,,,,,,,,,,,,
YEM,,23.0503101348877,,25.1074199676514,26.5026092529297,26.5409603118896,,,27.4409694671631,,29.9233703613281,31.534610748291,32.4077186584473,34.822811126709,,,36.8241691589355,,,,,,,
ZAF,78.8097229003906,78.0145492553711,77.7871627807617,78.6594009399414,81.676643371582,83.6589126586914,86.9986190795898,88.3999176025391,86.5697708129883,88.9015884399414,89.7639740301445,92.0261077880859,95.4333724975586,,106.209579467773,104.541397395068,109.660301208496,110.607490539551,105.538677930271,107.597072310067,108.468464029139,111.094585540701,108.68396751263,107.464974022043
ZMB,,,,,,,,,,,,,,,,,,,,,,,,
ZWE,36.0074195861816,38.1507797241211,37.539421081543,35.9403114318848,,,,,,,,,73.0986641244537,50.8856201171875,,,,,,,,,,
