economy,2000,2001,2002,2003,2004,2005,2006,2007,2008,2009,2010,2011,2012,2013,2014,2015,2016,2017,2018,2019,2020,2021,2022,2023
ABW,1.845,1.813,1.8,1.808,1.819,1.844,1.862,1.881,1.889,1.875,1.855,1.858,1.907,1.944,1.944,1.899,1.848,1.785,1.732,1.701,1.662,1.631,1.615,1.602
AFE,5.54989301895013,5.50176609365985,5.44969577120575,5.40732792013545,5.38130825995291,5.35039851932097,5.30592047242956,5.25398480103277,5.21940349533757,5.14253544179731,5.06649694569372,4.98101550181667,4.89958534111926,4.81956335424637,4.74807426510375,4.676508011604,4.61574383851019,4.56988358574791,4.52144320133481,4.47133814751909,4.41297254940111,4.3506825352307,4.28703336709338,4.22382000342151
AFG,7.566,7.453,7.32,7.174,7.018,6.858,6.686,6.508,6.392,6.295,6.195,6.094,5.985,5.879,5.77,5.652,5.542,5.433,5.327,5.238,5.145,5.039,4.932,4.84
AFW,6.02214272981906,5.99007410329012,5.95620213584871,5.92357302720715,5.89551358763435,5.87177032127738,5.84602826670684,5.80965086668807,5.78547347244462,5.75112008903331,5.71289596656524,5.66566707694786,5.59679953142373,5.51546824365668,5.44001848340923,5.34659582634864,5.22897623531264,5.09888534179775,4.96257068098246,4.82913447807754,4.7073988083188,4.63774085975902,4.56335400847357,4.49770681255146
AGO,6.639,6.601,6.567,6.533,6.499,6.461,6.419,6.372,6.32,6.26,6.194,6.12,6.039,5.953,5.864,5.774,5.686,5.6,5.519,5.442,5.371,5.304,5.209,5.124
ALB,2.217,2.141,2.002,2.006,1.889,1.787,1.686,1.633,1.616,1.638,1.653,1.677,1.719,1.741,1.721,1.631,1.555,1.486,1.415,1.395,1.371,1.365,1.355,1.348
AND,1.273,1.305,1.265,1.18,1.229,1.224,1.234,1.189,1.25,1.208,1.275,1.321,1.26,1.142,1.168,1.223,1.184,1.129,1.053,1.045,1.028,1.058,1.071,1.082
ARB,3.93474923419248,3.85844968262325,3.78100074910528,3.72725438909958,3.6796507015543,3.6433356042585,3.61922849596914,3.60428476711649,3.58028520655661,3.57118607702881,3.57186073483879,3.56597589031882,3.58216031979128,3.5741271698933,3.56212633472775,3.53244359112271,3.46298807812024,3.42519822145484,3.32426875614683,3.25509307857063,3.20826865698484,3.14558842701715,3.10776674481051,3.08975083762374
ARE,2.733,2.622,2.541,2.491,2.385,2.232,1.958,1.792,1.516,1.582,1.565,1.539,1.532,1.527,1.483,1.417,1.366,1.35,1.288,1.247,1.289,1.162,1.148,1.2
ARG,2.591,2.531,2.493,2.451,2.43,2.426,2.4,2.37,2.432,2.4,2.411,2.393,2.304,2.335,2.386,2.35,2.241,2.168,2.067,1.882,1.601,1.585,1.482,1.5
ARM,1.3,1.2,1.2,1.3,1.4,1.3,1.3,1.4,1.4,1.5,1.5,1.5,1.6,1.6,1.7,1.6,1.6,1.6,1.6,1.6,1.7,1.7,1.7,1.9
ASM,3.89,3.87,3.866,3.91,3.945,3.863,3.685,3.509,3.42,3.359,3.292,3.169,3.043,2.932,2.852,2.78,2.699,2.598,2.494,2.404,2.36,2.327,2.305,2.286
ATG,2.196,2.018,1.94,1.887,1.852,1.832,1.831,1.86,2.042,2.006,1.785,1.746,1.655,1.537,1.526,1.567,1.458,1.485,1.371,1.468,1.569,1.58,1.58,1.578
AUS,1.756,1.739,1.756,1.748,1.768,1.807,1.908,1.959,1.984,1.971,1.928,1.926,1.92,1.855,1.826,1.814,1.752,1.741,1.74,1.657,1.581,1.7,1.63,1.5
AUT,1.36,1.33,1.39,1.38,1.42,1.41,1.41,1.38,1.42,1.39,1.44,1.43,1.44,1.44,1.46,1.49,1.53,1.52,1.47,1.46,1.44,1.48,1.41,1.32
AZE,2.0,1.8,1.8,1.9,2.0535,2.0,1.97,1.97,1.9,1.82,1.92,1.96,2.0,1.98,1.97,1.94,1.9,1.75,1.73,1.81,1.7,1.52,1.67,1.55
BDI,6.872,6.849,6.819,6.785,6.746,6.708,6.659,6.588,6.515,6.409,6.26,6.108,5.991,5.889,5.794,5.695,5.587,5.481,5.38,5.271,5.177,5.078,4.98,4.878
BEL,1.67,1.67,1.65,1.67,1.72,1.76,1.8,1.82,1.85,1.84,1.86,1.81,1.8,1.76,1.74,1.7,1.68,1.65,1.62,1.6,1.55,1.6,1.53,1.47
BEN,5.937,5.848,5.793,5.763,5.718,5.692,5.673,5.627,5.548,5.491,5.452,5.436,5.429,5.41,5.374,5.32,5.254,5.155,5.031,4.9,4.795,4.707,4.634,4.556
BFA,6.519,6.431,6.339,6.28,6.216,6.182,6.17,6.11,6.05,5.992,5.936,5.869,5.793,5.697,5.595,5.478,5.331,5.17,4.921,4.681,4.44,4.361,4.275,4.186
BGD,3.279,3.203,3.126,3.029,2.94,2.846,2.755,2.666,2.577,2.484,2.38,2.309,2.263,2.247,2.228,2.227,2.227,2.205,2.193,2.18,2.175,2.173,2.179,2.163
BGR,1.26,1.21,1.23,1.26,1.33,1.37,1.44,1.49,1.56,1.66,1.57,1.51,1.5,1.54,1.62,1.64,1.67,1.71,1.73,1.79,1.77,1.8,1.78,1.81
BHR,2.798,2.653,2.699,2.778,2.774,2.67,2.464,2.282,2.152,2.047,1.987,2.025,2.11,2.166,2.149,2.113,2.042,1.984,1.911,1.843,1.86,1.852,1.839,1.824
BHS,2.06,2.02,1.984,1.971,1.98,2.008,2.019,2.035,1.999,2.011,1.837,1.791,1.761,1.738,1.687,1.574,1.495,1.424,1.404,1.397,1.386,1.382,1.379,1.373
BIH,1.282,1.23,1.231,1.219,1.221,1.203,1.18,1.19,1.21,1.267,1.26,1.209,1.252,1.278,1.262,1.322,1.36,1.419,1.504,1.509,1.515,1.49,1.481,1.486
BLR,1.317,1.286,1.24,1.232,1.233,1.252,1.335,1.429,1.488,1.509,1.494,1.515,1.62,1.668,1.696,1.724,1.733,1.541,1.448,1.382,1.369,1.371,1.326,1.208
BLZ,3.633,3.526,3.43,3.335,3.252,3.173,3.021,2.885,2.78,2.659,2.552,2.531,2.51,2.498,2.474,2.433,2.396,2.368,2.343,2.142,2.04,1.837,1.949,2.007
BMU,1.738,1.861,1.815,1.79,1.76,1.782,1.79,1.934,1.86,1.853,1.767,1.569,1.528,1.522,1.42,1.44,1.45,1.419,1.374,1.383,1.451,1.389,1.397,1.401
BOL,3.991,3.89,3.802,3.721,3.633,3.558,3.533,3.447,3.364,3.287,3.213,3.143,3.076,3.01,2.947,2.886,2.829,2.777,2.73,2.688,2.651,2.618,2.584,2.547
BRA,2.247,2.162,2.081,2.006,1.973,1.942,1.896,1.854,1.815,1.799,1.786,1.777,1.766,1.761,1.775,1.777,1.727,1.74,1.744,1.705,1.653,1.638,1.629,1.619
BRB,1.933,1.955,1.862,1.856,1.797,1.738,1.702,1.755,1.756,1.77,1.785,1.758,1.731,1.729,1.727,1.726,1.724,1.724,1.72,1.715,1.708,1.709,1.712,1.708
BRN,2.398,2.337,2.264,2.185,2.104,2.024,1.969,1.933,1.918,1.921,1.937,1.957,1.973,1.978,1.969,1.947,1.915,1.881,1.848,1.819,1.796,1.778,1.764,1.747
BTN,3.378,3.188,3.012,2.865,2.781,2.726,2.66,2.589,2.481,2.364,2.252,2.155,2.068,2.0,1.923,1.835,1.738,1.621,1.517,1.448,1.502,1.488,1.478,1.462
BWA,3.294,3.248,3.175,3.106,3.063,3.082,3.114,3.127,3.131,3.133,3.135,3.103,3.07,3.045,3.027,3.008,2.99,2.969,2.941,2.906,2.861,2.827,2.785,2.732
CAF,5.851,5.807,5.785,5.799,5.784,5.812,5.84,5.867,5.902,5.936,5.963,6.009,6.047,6.075,6.099,6.126,6.126,6.127,6.108,6.09,6.059,6.052,6.023,6.012
CAN,1.51,1.54,1.52,1.55,1.56,1.58,1.63,1.67,1.7,1.69,1.65,1.63,1.63,1.61,1.61,1.6,1.59,1.55,1.51,1.47,1.41,1.44,1.33,1.26
CEB,1.31777162376956,1.27547143482851,1.2533647469042,1.25106592539215,1.2764470903797,1.31266924216896,1.34198925571287,1.38121771530771,1.46350338600242,1.48761303763204,1.46183448121757,1.3933610504725,1.41601351724117,1.39147069378032,1.44674357225339,1.46689050277441,1.52845198024661,1.589114330923,1.5818965388923,1.57825452419045,1.56743022245618,1.56807253752419,1.49394411075471,1.40721045615752
CHE,1.5,1.38,1.39,1.39,1.42,1.42,1.44,1.46,1.48,1.5,1.52,1.52,1.52,1.52,1.54,1.54,1.54,1.52,1.52,1.48,1.46,1.52,1.39,1.33
CHI,1.49,1.48,1.47,1.51,1.5,1.46,1.47,1.53,1.56,1.57,1.58,1.59,1.58,1.56,1.54,1.5,1.46,1.41,1.37,1.35,1.33,1.36,1.37,1.37
CHL,2.046,2.007,1.934,1.885,1.844,1.825,1.798,1.826,1.85,1.855,1.844,1.823,1.798,1.786,1.774,1.737,1.686,1.563,1.543,1.43,1.307,1.176,1.255,1.167
CHN,1.628,1.563,1.566,1.57,1.605,1.624,1.644,1.666,1.701,1.714,1.687,1.668,1.798,1.714,1.769,1.67,1.772,1.795,1.539,1.496,1.236,1.117,1.034,0.999
CIV,5.773,5.704,5.641,5.572,5.527,5.499,5.448,5.403,5.357,5.332,5.292,5.244,5.19,5.135,5.071,4.97,4.873,4.757,4.596,4.523,4.461,4.411,4.349,4.283
CMR,5.514,5.441,5.435,5.432,5.436,5.421,5.369,5.343,5.294,5.236,5.154,5.052,4.982,4.905,4.844,4.841,4.842,4.804,4.74,4.651,4.557,4.468,4.397,4.322
COD,6.702,6.663,6.606,6.549,6.53,6.526,6.547,6.559,6.58,6.591,6.587,6.582,6.559,6.527,6.483,6.437,6.392,6.349,6.302,6.253,6.206,6.156,6.106,6.051
COG,4.724,4.67,4.697,4.696,4.69,4.669,4.651,4.649,4.726,4.808,4.851,4.826,4.785,4.731,4.665,4.607,4.546,4.496,4.442,4.38,4.329,4.28,4.215,4.157
COL,2.574,2.522,2.489,2.45,2.384,2.309,2.241,2.195,2.155,2.096,2.01,1.938,1.899,1.86,1.822,1.771,1.719,1.717,1.715,1.71,1.694,1.68,1.663,1.645
COM,5.227,5.195,5.155,5.115,5.065,5.012,4.934,4.859,4.805,4.778,4.755,4.722,4.652,4.572,4.489,4.42,4.348,4.278,4.208,4.138,4.071,3.999,3.935,3.878
CPV,3.545,3.366,3.192,3.033,2.9,2.726,2.555,2.409,2.298,2.246,2.329,2.329,2.153,2.067,2.031,1.968,1.966,1.93,1.804,1.698,1.591,1.554,1.533,1.522
CRI,2.413,2.312,2.162,2.084,2.028,2.038,1.937,1.954,1.98,1.953,1.827,1.877,1.851,1.779,1.8,1.797,1.746,1.714,1.706,1.6,1.448,1.353,1.335,1.33
CSS,2.35137780439936,2.31066997900525,2.23982429264919,2.1852528394754,2.13970507724018,2.12845381394826,2.12013424579263,2.11877694697564,2.11485071339737,2.10828447010003,2.07173708976326,2.05288830372261,2.04752911622727,2.0402098675255,2.02565875580618,1.99918301132213,1.96956231728783,1.9372641969766,1.92045221448125,1.89179306364999,1.87036153838502,1.8396718940957,1.83848523008097,1.83168008600287
CUB,1.608,1.595,1.645,1.627,1.546,1.486,1.402,1.436,1.576,1.678,1.673,1.734,1.668,1.678,1.655,1.685,1.6,1.585,1.607,1.54,1.489,1.427,1.412,1.439
CUW,2.342,2.405,2.3,2.191,2.099,2.037,2.1,2.0,2.2,2.1,2.2,2.1,2.2,2.1,2.0,1.9,1.7,1.5,1.7,1.6,1.4,1.4,1.3,1.2
CYM,1.707,1.697,1.681,1.672,1.671,1.665,1.665,1.681,1.703,1.723,1.694,1.637,1.531,1.445,1.334,1.269,1.231,1.222,1.277,1.508,1.554,1.551,1.541,1.531
CYP,1.638,1.566,1.497,1.505,1.512,1.479,1.509,1.449,1.479,1.475,1.434,1.36,1.382,1.304,1.312,1.323,1.357,1.323,1.319,1.33,1.361,1.392,1.393,1.389
CZE,1.15,1.15,1.17,1.18,1.23,1.29,1.34,1.45,1.51,1.51,1.51,1.43,1.45,1.46,1.53,1.57,1.63,1.69,1.71,1.71,1.74,1.83,1.64,1.45
DEU,1.38,1.35,1.34,1.34,1.36,1.34,1.33,1.37,1.38,1.36,1.39,1.39,1.41,1.42,1.47,1.5,1.6,1.57,1.57,1.54,1.53,1.58,1.455,1.39
DJI,4.601,4.518,4.41,4.296,4.162,4.035,3.899,3.756,3.621,3.521,3.431,3.341,3.255,3.187,3.116,3.041,2.969,2.916,2.858,2.798,2.745,2.699,2.653,2.609
DMA,2.346,2.399,2.16,2.075,2.023,1.998,2.074,2.022,1.968,1.918,1.887,1.861,1.827,1.778,1.713,1.648,1.581,1.54,1.517,1.504,1.495,1.484,1.482,1.484
DNK,1.77,1.74,1.72,1.76,1.78,1.8,1.85,1.84,1.89,1.84,1.87,1.75,1.73,1.67,1.69,1.71,1.79,1.75,1.73,1.7,1.68,1.72,1.55,1.5
DOM,2.869,2.827,2.764,2.703,2.641,2.574,2.508,2.51,2.546,2.574,2.556,2.527,2.497,2.474,2.451,2.43,2.41,2.398,2.397,2.366,2.329,2.294,2.267,2.243
DZA,2.59,2.519,2.429,2.451,2.5,2.562,2.628,2.704,2.785,2.825,2.875,2.899,2.996,2.997,3.084,3.091,3.091,3.09,3.019,2.997,2.94,2.87,2.817,2.766
EAP,1.91730006429306,1.86452654876186,1.8570246904893,1.85142686166263,1.86905650640618,1.87644275680172,1.89055580188736,1.90758413464005,1.92881250264633,1.93477952791717,1.91349993221803,1.90530229321258,1.99107765870115,1.9221824900928,1.95215689037872,1.87853330070305,1.92845332128009,1.92583111307555,1.74043475080494,1.70480430061126,1.52789689503569,1.4404934680796,1.38552648865081,1.36140449889156
EAR,3.3912390510628,3.33078739753371,3.25305216479698,3.17868414584789,3.11500627722658,3.0577445556333,3.00610536836879,2.95367185736481,2.91176570123054,2.87307156290405,2.82072261952737,2.77693436477876,2.73636596542955,2.68692961890405,2.62682355328164,2.606063609279,2.57543828929898,2.51536902880117,2.48215945277498,2.42779561788204,2.37325097006909,2.34167487073807,2.3189517975754,2.29816654586579
EAS,1.87030131869665,1.81392801583052,1.80360842119829,1.79659548903584,1.81225270397003,1.81620168162304,1.83449759597526,1.85473440682623,1.87387155443301,1.87816877219437,1.86033578165821,1.85575287492533,1.93847005657334,1.87079702863895,1.89901337242406,1.83427086836941,1.87658988593015,1.87010279533446,1.69915751133178,1.662105630106,1.49672637080882,1.41678319124714,1.36272811190401,1.33558030329751
ECA,2.00474150351362,1.95682096363437,1.92607198972957,1.92721327064399,1.95922809070334,1.95166240174491,1.98577274774906,2.01844199305995,2.06586049973884,2.05914876383274,2.04838130370044,2.03687878091443,2.08613304557465,2.10560009634719,2.15899424495663,2.14347872262226,2.12454802060351,2.07755730873508,2.07164815334434,2.05853927210627,2.04948188927785,2.0541221932564,1.99842365385872,1.98401223277125
ECS,1.55971720030111,1.54277830197497,1.546149072613,1.56349836873146,1.59242747917453,1.58832669139474,1.61837242362273,1.66018433007585,1.7166209979042,1.71823360798727,1.72571098484824,1.70952131118022,1.7442399348379,1.73594480249259,1.77196033395473,1.77299099045995,1.77904716297953,1.73639932903692,1.71614712469713,1.68798801549177,1.67139674229224,1.6846754677544,1.61774858492685,1.57901896941557
ECU,3.102,3.037,2.972,2.911,2.853,2.8,2.753,2.704,2.688,2.678,2.615,2.605,2.509,2.362,2.274,2.209,2.122,2.128,2.111,2.035,1.967,1.909,1.861,1.823
EGY,3.505,3.46,3.412,3.352,3.283,3.254,3.223,3.237,3.238,3.259,3.296,3.311,3.4,3.49,3.49,3.5,3.35,3.31,3.02,2.87,2.85,2.75,2.75,2.75
EMU,1.47000450326359,1.45710414572335,1.45922787298589,1.47324556629415,1.4957103896907,1.49861296956154,1.52311106055284,1.53830556995239,1.57810215695352,1.56180805370808,1.57511738680375,1.5560401473683,1.55179485470635,1.52942858218294,1.55214477889914,1.54977026045957,1.57007164981904,1.54580992787289,1.52642188392298,1.50367163161597,1.47945704089057,1.50830730430334,1.44288706498202,1.37678099626159
ERI,5.397,5.306,5.233,5.143,5.036,4.934,4.881,4.812,4.737,4.656,4.571,4.486,4.407,4.335,4.273,4.217,4.164,4.112,4.056,3.997,3.933,3.867,3.786,3.713
ESP,1.22,1.23,1.25,1.3,1.31,1.33,1.36,1.38,1.45,1.38,1.37,1.34,1.32,1.27,1.32,1.33,1.33,1.31,1.26,1.23,1.18,1.18,1.16,1.12
EST,1.36,1.32,1.36,1.37,1.47,1.52,1.58,1.69,1.72,1.7,1.72,1.61,1.56,1.52,1.54,1.58,1.6,1.59,1.67,1.66,1.58,1.61,1.41,1.31
ETH,6.654,6.579,6.499,6.4,6.301,6.194,6.047,5.887,5.695,5.488,5.282,5.08,4.887,4.708,4.605,4.529,4.473,4.401,4.371,4.347,4.274,4.177,4.082,3.989
EUU,1.44135977576762,1.42305392851186,1.421192523437,1.43252409175518,1.45605849043865,1.46660715604414,1.49455545268576,1.5151566756709,1.56501549943226,1.55740674486307,1.5634616186116,1.52959407141605,1.53161547008715,1.50802099752337,1.53792794697248,1.54008667093178,1.57014308662688,1.56432682451614,1.54686849145319,1.52723560688075,1.5055152515273,1.52616520464091,1.45656447411585,1.38609885893717
FCS,5.1914240218468,5.16138694831709,5.13129446967936,5.09873296530967,5.06822390175793,5.03372073448969,5.01011598024202,4.97812986601058,4.95974867829399,4.93368186091058,4.8959233094296,4.86016219417042,4.81315495271382,4.75599746020578,4.70910682849292,4.65280278789177,4.58901139342968,4.51825859293666,4.4543544536253,4.39265166870199,4.32662442806955,4.27545113747126,4.22091823482488,4.18166207272727
FIN,1.73,1.73,1.72,1.76,1.8,1.8,1.84,1.83,1.85,1.86,1.87,1.83,1.8,1.75,1.71,1.65,1.57,1.49,1.41,1.35,1.37,1.46,1.32,1.26
FJI,2.992,2.973,2.968,2.957,2.941,2.917,2.905,2.872,2.819,2.76,2.696,2.631,2.612,2.604,2.591,2.567,2.518,2.461,2.419,2.385,2.357,2.332,2.305,2.281
FRA,1.89,1.9,1.88,1.89,1.92,1.94,2.0,1.98,2.01,2.0,2.03,2.01,2.01,1.99,2.0,1.96,1.92,1.89,1.87,1.86,1.83,1.84,1.79,1.66
FRO,2.5861,2.3369,2.5567,2.5412,2.5937,2.6386,2.5039,2.5669,2.5809,2.3826,2.5146,2.3118,2.5709,2.5459,2.5767,2.4278,2.6393,2.4926,2.5118,2.4341,2.3498,2.325,2.0713,1.8586
FSM,4.217,4.084,3.934,3.785,3.681,3.595,3.514,3.439,3.368,3.313,3.271,3.223,3.18,3.133,3.091,3.049,3.001,2.957,2.922,2.883,2.852,2.818,2.785,2.748
GAB,4.469,4.417,4.36,4.299,4.252,4.21,4.17,4.142,4.118,4.138,4.153,4.151,4.086,4.019,3.953,3.921,3.921,3.913,3.908,3.884,3.831,3.776,3.712,3.647
GBR,1.64,1.63,1.63,1.7,1.75,1.76,1.82,1.86,1.91,1.89,1.92,1.91,1.92,1.83,1.81,1.8,1.79,1.74,1.68,1.632,1.571,1.583,1.56,1.56
GEO,1.609,1.579,1.571,1.552,1.566,1.583,1.617,1.697,1.832,1.993,1.973,1.915,1.929,1.993,2.18,2.214,2.228,2.136,2.093,2.021,1.976,1.98,1.82,1.81
GHA,4.827,4.768,4.687,4.597,4.504,4.496,4.399,4.288,4.217,4.179,4.181,4.177,4.154,4.114,4.029,3.982,3.873,3.715,3.65,3.593,3.541,3.492,3.434,3.397
GIB,2.185,2.104,1.683,1.634,1.689,1.754,1.802,1.852,1.903,1.926,1.954,1.974,1.999,2.099,2.084,2.074,1.94,1.93,1.921,1.912,1.907,1.899,1.895,1.888
GIN,5.918,5.834,5.781,5.744,5.733,5.727,5.704,5.664,5.596,5.528,5.435,5.337,5.232,5.151,5.07,5.002,4.915,4.793,4.669,4.576,4.489,4.399,4.303,4.217
GMB,5.716,5.67,5.656,5.656,5.683,5.708,5.736,5.685,5.625,5.574,5.558,5.542,5.519,5.392,5.197,5.003,4.809,4.614,4.42,4.33,4.248,4.165,4.078,4.006
GNB,5.786,5.688,5.634,5.577,5.5,5.46,5.406,5.365,5.266,5.176,5.111,5.067,5.003,4.93,4.79,4.661,4.519,4.347,4.241,4.153,4.075,3.998,3.911,3.836
GNQ,5.834,5.785,5.731,5.675,5.618,5.559,5.498,5.433,5.363,5.288,5.209,5.126,5.04,4.952,4.863,4.774,4.686,4.599,4.513,4.429,4.346,4.266,4.17,4.081
GRC,1.25,1.25,1.28,1.29,1.31,1.34,1.4,1.41,1.5,1.5,1.48,1.4,1.34,1.29,1.3,1.33,1.38,1.35,1.35,1.34,1.39,1.43,1.32,1.32
GRD,2.441,2.421,2.378,2.332,2.285,2.242,2.195,2.154,2.116,2.078,2.038,2.006,1.967,1.913,1.799,1.715,1.616,1.438,1.53,1.542,1.532,1.517,1.502,1.487
GRL,2.329,2.51,2.566,2.372,2.415,2.377,2.256,2.299,2.247,2.359,2.195,2.117,2.019,2.077,2.037,2.01,2.0,2.09,2.0,2.08,2.019,1.82,1.818,1.769
GTM,4.583,4.502,4.371,4.25,4.134,3.974,3.845,3.716,3.571,3.465,3.375,3.292,3.219,3.151,3.088,3.029,2.973,2.857,2.743,2.593,2.47,2.388,2.343,2.311
GUM,2.915,2.817,2.582,2.657,2.772,2.638,2.807,2.905,2.905,2.891,2.973,2.876,3.117,2.883,2.946,2.933,3.171,3.088,2.995,2.938,2.895,2.856,2.819,2.781
GUY,3.057,2.958,2.844,2.75,2.681,2.648,2.659,2.681,2.697,2.694,2.684,2.694,2.701,2.711,2.695,2.667,2.634,2.593,2.553,2.521,2.491,2.462,2.437,2.412
HIC,1.63521408154119,1.60621543892261,1.59949242213488,1.61034840814295,1.62127663324801,1.61393473709576,1.65019520089857,1.68651156927365,1.70498993128663,1.68733268385183,1.67609288601583,1.66260801836572,1.68337528946383,1.65637914971692,1.67494666501948,1.67655561483559,1.67297591162225,1.62930564394354,1.59889445600281,1.55876927743354,1.51483956384407,1.52262118028374,1.47509915028495,1.43528965392277
HKG,1.032,0.931,0.941,0.901,0.922,0.959,0.984,1.028,1.064,1.055,1.127,1.204,1.285,1.125,1.235,1.196,1.205,1.128,1.08,1.064,0.883,0.772,0.701,0.751
HND,4.289,4.153,4.0,3.844,3.71,3.577,3.449,3.351,3.26,3.173,3.078,2.998,2.927,2.855,2.793,2.746,2.704,2.663,2.645,2.611,2.577,2.548,2.522,2.5
HPC,6.08332662053409,6.01770924368914,5.95686421244911,5.89993756898993,5.84969534908206,5.80079895197554,5.73901746589707,5.66787146823677,5.60132604835998,5.53600288146366,5.46351892829272,5.37935969540869,5.29780958085384,5.21587004399261,5.13482329193002,5.05956536973213,4.99010443094874,4.91497106719012,4.84006886160077,4.76740744271933,4.69264955144654,4.61790268227431,4.54630641313522,4.47735901262395
HRV,1.39,1.46,1.42,1.41,1.43,1.5,1.47,1.48,1.47,1.5,1.46,1.41,1.52,1.46,1.46,1.41,1.43,1.42,1.47,1.47,1.48,1.62,1.53,1.46
HTI,4.39,4.248,4.125,4.047,3.943,3.835,3.761,3.687,3.621,3.565,3.497,3.431,3.321,3.221,3.164,3.11,3.054,2.985,2.924,2.862,2.804,2.748,2.699,2.656
HUN,1.32,1.31,1.3,1.27,1.28,1.31,1.34,1.32,1.35,1.32,1.25,1.23,1.34,1.35,1.44,1.45,1.53,1.54,1.55,1.55,1.59,1.61,1.56,1.51
IBD,2.37429108795755,2.32751809168946,2.29512284359468,2.26645286014176,2.25798241316032,2.23842034148353,2.22297119521154,2.21215246260748,2.21436756794014,2.20879190176549,2.18129232312236,2.16254476526803,2.19434899452253,2.14693474671128,2.13676991912373,2.09966730958114,2.1100876329392,2.07379985987879,1.97849212934821,1.93033386624247,1.82434572085119,1.77293460886858,1.73604166305753,1.71721480250408
IBT,2.92815900338712,2.88253917209821,2.84841880465702,2.81791236243409,2.80227747556551,2.78055872494452,2.76579756184291,2.75480363035886,2.75423549807407,2.74558666708729,2.71688569614126,2.69329587519973,2.70941915899661,2.66720637527404,2.65498616871423,2.62203180159785,2.62347370210255,2.59124829385848,2.51556535872531,2.47533043381633,2.3927618280309,2.35381106333041,2.32447750417006,2.30809674307544
IDA,5.12356810457027,5.05518813856653,4.98678616221528,4.92087823183519,4.8499787264558,4.79166870557721,4.74815961851148,4.70013146217972,4.65406521903113,4.60240380005037,4.53867977619126,4.46955423560288,4.40494230499702,4.3505338759294,4.30100023244653,4.25017791570184,4.19182252240549,4.13947705091085,4.0872119876854,4.03279983481737,3.97807068151368,3.93500283047806,3.88843955889292,3.84213231871592
IDB,5.34185583852571,5.26094445396664,5.1783190330599,5.10930198484563,5.01279081108595,4.95461118139386,4.93870079020795,4.91737092931541,4.89890182146653,4.85818069447705,4.79809212619671,4.72216946157877,4.6340378211409,4.56049734113323,4.502077481935,4.42949529173026,4.33403379404732,4.26901886821274,4.19320589255923,4.1181258293125,4.04750419996975,4.01109127298711,3.95818893362032,3.90689986940718
IDN,2.503,2.466,2.436,2.41,2.415,2.452,2.457,2.476,2.44,2.442,2.462,2.515,2.514,2.441,2.393,2.346,2.311,2.253,2.219,2.205,2.189,2.166,2.149,2.127
IDX,5.01024080622791,4.94779004614322,4.88649619348325,4.82197204323298,4.76419791663764,4.70553396855695,4.64719660312829,4.58460415422269,4.52330537515496,4.46534194598394,4.39936757527563,4.33386975076301,4.28210401912726,4.23813354844651,4.19363514530084,4.15478552810768,4.11656324546825,4.07122663515932,4.03157017913181,3.98818188350936,3.94186197211542,3.89536343711383,3.85211805380653,3.80843381423313
IMN,1.866,1.87,1.863,1.84,1.826,1.863,1.905,1.927,1.941,1.937,1.928,1.903,1.864,1.824,1.79,1.748,1.713,1.674,1.636,1.606,1.585,1.569,1.556,1.548
IND,3.35,3.303,3.217,3.122,3.046,2.958,2.867,2.775,2.711,2.674,2.598,2.532,2.47,2.399,2.293,2.289,2.284,2.193,2.184,2.12,2.047,2.014,1.994,1.975
INX,,,,,,,,,,,,,,,,,,,,,,,,
IRL,1.89,1.94,1.97,1.96,1.93,1.86,1.91,2.01,2.06,2.06,2.05,2.03,1.98,1.93,1.89,1.85,1.81,1.77,1.75,1.71,1.63,1.78,1.54,1.5
IRN,1.999,1.918,1.836,1.801,1.78,1.756,1.755,1.748,1.743,1.74,1.749,1.792,1.851,1.913,1.975,2.017,2.054,2.023,1.919,1.766,1.7,1.709,1.704,1.695
IRQ,4.92,4.799,4.668,4.581,4.527,4.446,4.459,4.404,4.373,4.378,4.457,4.588,4.544,4.441,4.31,4.08,3.843,3.64,3.547,3.48,3.419,3.358,3.294,3.249
ISL,2.08,1.95,1.93,1.99,2.04,2.05,2.08,2.09,2.15,2.23,2.2,2.02,2.04,1.93,1.93,1.8,1.74,1.71,1.71,1.74,1.72,1.82,1.589,1.59
ISR,2.95,2.92,2.89,2.95,2.9,2.84,2.88,2.9,2.96,2.96,3.03,2.98,3.05,3.03,3.08,3.09,3.11,3.11,3.09,3.01,2.9,3.0,2.89,2.85
ITA,1.26,1.25,1.27,1.29,1.34,1.33,1.37,1.39,1.44,1.44,1.44,1.42,1.42,1.39,1.38,1.36,1.36,1.34,1.31,1.27,1.24,1.25,1.24,1.2
JAM,2.345,2.296,2.271,2.244,2.198,2.148,2.089,2.023,1.953,1.879,1.799,1.717,1.648,1.591,1.544,1.508,1.464,1.428,1.4,1.39,1.383,1.378,1.372,1.358
JOR,3.864,3.803,3.805,3.816,3.729,3.653,3.711,3.797,3.876,3.841,3.78,3.69,3.568,3.449,3.302,3.141,3.072,2.994,2.923,2.855,2.791,2.735,2.679,2.639
JPN,1.36,1.33,1.32,1.29,1.29,1.26,1.32,1.34,1.37,1.37,1.39,1.39,1.41,1.43,1.42,1.45,1.44,1.43,1.42,1.36,1.33,1.3,1.26,1.2
KAZ,1.898,1.906,1.956,2.075,2.201,2.274,2.38,2.49,2.616,2.58,2.61,2.605,2.64,2.67,2.76,2.755,2.795,2.745,2.845,2.89,3.13,3.32,3.05,3.012
KEN,5.136,5.094,5.027,4.937,4.861,4.801,4.754,4.718,4.66,4.567,4.446,4.284,4.116,3.955,3.843,3.766,3.689,3.609,3.536,3.433,3.364,3.312,3.262,3.208
KGZ,2.4,2.4,2.4,2.5,2.6,2.5,2.7,2.7,2.8,2.9,3.1,3.1,3.2,3.1,3.2,3.2,3.1,3.0,3.3,3.3,3.1,2.89,2.8,2.7
KHM,3.794,3.687,3.57,3.429,3.307,3.238,3.175,3.13,3.048,2.971,2.859,2.782,2.751,2.742,2.734,2.729,2.725,2.719,2.724,2.725,2.699,2.664,2.616,2.579
KIR,4.071,3.957,3.814,3.702,3.734,3.76,3.815,3.865,3.899,3.905,3.898,3.878,3.768,3.643,3.521,3.438,3.375,3.339,3.318,3.29,3.254,3.219,3.182,3.147
KNA,2.126,2.082,2.038,2.004,1.964,1.931,1.902,1.871,1.833,1.8,1.762,1.74,1.713,1.682,1.665,1.643,1.633,1.61,1.587,1.568,1.55,1.531,1.512,1.505
KOR,1.48,1.309,1.178,1.191,1.164,1.085,1.132,1.259,1.192,1.149,1.226,1.244,1.297,1.187,1.205,1.239,1.172,1.052,0.977,0.918,0.837,0.808,0.778,0.721
KWT,2.887,2.839,2.795,2.771,2.762,2.731,2.589,2.412,2.266,2.155,2.044,1.956,1.99,1.968,2.06,2.03,2.061,2.16,2.118,2.082,2.033,2.148,1.546,1.524
LAC,2.62966576701148,2.55876959103345,2.49714692158281,2.43520638481997,2.39297042881526,2.35053781878168,2.30415054176281,2.2645898161045,2.23729024720579,2.21221230691601,2.18424014886755,2.16327558091516,2.1313438701616,2.11107394756264,2.09414059644931,2.06344385360512,2.00977990761903,1.99018318260456,1.97401400762104,1.93118200630743,1.8727744226138,1.85112178499262,1.82575260798187,1.81033624989092
LAO,4.429,4.29,4.132,4.024,3.898,3.685,3.559,3.438,3.331,3.229,3.137,3.049,2.953,2.872,2.802,2.796,2.744,2.691,2.633,2.589,2.535,2.494,2.455,2.421
LBN,2.6,2.576,2.523,2.457,2.378,2.291,2.244,2.201,2.172,2.191,2.256,2.32,2.345,2.361,2.375,2.382,2.39,2.372,2.347,2.327,2.308,2.283,2.263,2.239
LBR,5.875,5.774,5.653,5.547,5.506,5.519,5.53,5.462,5.328,5.174,5.058,4.97,4.881,4.749,4.622,4.523,4.461,4.396,4.336,4.257,4.174,4.089,4.016,3.95
LBY,2.906,2.866,2.831,2.797,2.773,2.765,2.699,2.648,2.599,2.556,2.603,2.646,2.68,2.716,2.754,2.711,2.673,2.626,2.581,2.539,2.507,2.462,2.402,2.355
LCA,2.207,2.125,2.032,1.939,1.863,1.807,1.765,1.7,1.7,1.735,1.673,1.5,1.5,1.5,1.485,1.473,1.461,1.448,1.436,1.424,1.411,1.399,1.387,1.379
LCN,2.60902991651964,2.54222979263084,2.48121253853417,2.42142506827502,2.37917519310069,2.34035064164282,2.29532888990533,2.25735285699401,2.23167123797086,2.2066595265301,2.17888507325984,2.15996794046018,2.12951008238359,2.10800936827715,2.09061835099534,2.05950841692013,2.00688079738414,1.98217325038003,1.96388556455326,1.91833263036506,1.85875828156303,1.83369057099453,1.81208587734194,1.79507341890876
LDC,5.2445338509952,5.17837647871178,5.11595914507699,5.05035146163115,4.99046565302076,4.92928177154955,4.86726240107558,4.80240094513527,4.73812992712797,4.67508009166906,4.60145641254696,4.52876413071164,4.4693426784496,4.41659005003909,4.36565227818393,4.32180265509732,4.28322308474242,4.23872792029428,4.19438385649119,4.14870117902407,4.10111137224191,4.05314050281312,4.0077222718124,3.96127401392912
LIC,5.96103891576181,5.90504573392029,5.84689588065295,5.79208227252523,5.74407106929412,5.6947377183128,5.65190808405658,5.59783389024689,5.55738650837525,5.51563411428836,5.45603302277218,5.38642558795498,5.32942403515707,5.27838933694447,5.22536653472744,5.1709947504719,5.11031963151938,5.05267040285691,4.98416252678365,4.91047198059186,4.84223015704789,4.77675152862539,4.7138736303552,4.65041602340353
LIE,1.57,1.52,1.47,1.36,1.44,1.49,1.43,1.42,1.43,1.71,1.4,1.69,1.51,1.45,1.59,1.4,1.61,1.44,1.58,1.48,1.46,1.53,1.47,1.45
LKA,2.213,2.283,2.31,2.301,2.271,2.263,2.292,2.295,2.232,2.179,2.134,2.144,2.173,2.178,2.134,2.09,2.062,2.044,2.033,2.022,2.007,1.995,1.984,1.974
LMC,3.75697545590472,3.70535827613289,3.63215805465049,3.55737537854755,3.48696212378033,3.41647980509805,3.35967855047895,3.30218274720593,3.26034074553022,3.22708189048678,3.1709175010369,3.11736735574519,3.06808255144843,3.01667153785449,2.94803145542325,2.92748726464482,2.88951742956866,2.81955182612748,2.77808388119518,2.72010172661846,2.66270265803712,2.62884006117421,2.60721125643463,2.5860093327296
LMY,2.96195164032173,2.91260283340882,2.8745316423721,2.84084959235082,2.82268617998747,2.79970357030051,2.78354192147216,2.76851043099354,2.7652775781912,2.75560212922915,2.72599706462258,2.7026695140725,2.71775950366212,2.67470094399942,2.66051392175765,2.62519363180369,2.62624733240622,2.59514433668853,2.51597453961351,2.47492519272676,2.38869866000489,2.34880587622074,2.32078133665542,2.3053344503812
LSO,3.605,3.63,3.682,3.619,3.508,3.428,3.414,3.442,3.392,3.309,3.25,3.343,3.296,3.283,3.239,3.217,3.18,3.105,3.016,2.924,2.846,2.769,2.716,2.694
LTE,1.73923096965661,1.68691314726879,1.68047820202294,1.67801560941288,1.69694749162792,1.69650821775942,1.70521610506857,1.72559590180346,1.75364403334795,1.76120613125096,1.74154532573495,1.72784561330676,1.81567980637601,1.76087090439066,1.80369622758769,1.74181425803637,1.7903210177987,1.79212077903476,1.62888508698103,1.59446545425556,1.43189436486489,1.35469179177141,1.29483420285217,1.26924387483295
LTU,1.39,1.29,1.23,1.26,1.27,1.29,1.33,1.36,1.45,1.5,1.5,1.55,1.6,1.59,1.57,1.63,1.63,1.57,1.53,1.43,1.36,1.36,1.27,1.18
LUX,1.76,1.66,1.63,1.62,1.66,1.63,1.65,1.61,1.61,1.59,1.63,1.52,1.57,1.55,1.5,1.47,1.41,1.39,1.38,1.34,1.36,1.38,1.31,1.25
LVA,1.25,1.22,1.26,1.32,1.29,1.39,1.46,1.54,1.58,1.46,1.36,1.33,1.44,1.52,1.65,1.7,1.74,1.69,1.6,1.61,1.55,1.57,1.47,1.36
MAC,0.933,0.818,0.813,0.837,0.855,0.912,0.954,1.008,0.979,1.004,1.07,1.15,1.357,1.15,1.224,1.142,1.138,1.021,0.915,0.899,0.841,0.756,0.68,0.586
MAF,2.876,2.897,2.896,2.872,2.827,2.779,2.711,2.633,2.55,2.464,2.4,2.424,2.773,2.719,2.707,2.665,2.643,2.657,2.725,2.791,2.829,2.804,2.763,2.718
MAR,2.774,2.686,2.617,2.606,2.611,2.613,2.611,2.618,2.612,2.624,2.629,2.595,2.543,2.478,2.425,2.406,2.396,2.375,2.354,2.342,2.32,2.288,2.256,2.23
MCO,2.082,2.176,2.006,1.914,1.994,2.006,2.101,2.206,2.384,2.397,2.385,2.22,2.294,2.313,2.485,2.503,2.578,2.418,2.485,2.403,2.38,2.122,2.114,2.11
MDA,1.496,1.471,1.448,1.479,1.543,1.528,1.537,1.575,1.638,1.719,1.703,1.65,1.661,1.622,1.82,1.87,1.89,1.81,1.81,1.78,1.77,1.751,1.694,1.731
MDG,5.665,5.528,5.412,5.329,5.264,5.195,5.133,5.083,5.043,5.003,4.896,4.737,4.613,4.527,4.421,4.335,4.285,4.259,4.246,4.221,4.17,4.104,4.036,3.972
MDV,2.691,2.532,2.425,2.342,2.262,2.199,2.204,2.293,2.371,2.39,2.349,2.307,2.254,2.174,2.089,2.004,1.903,1.798,1.71,1.64,1.613,1.599,1.583,1.575
MEA,4.01482607048311,3.90085522373292,3.79395138243059,3.72630163365794,3.63070073112687,3.57811114316293,3.56377930573561,3.54500927423124,3.52422252680883,3.50913344979088,3.49627868102769,3.47744099649193,3.47103841927052,3.45458378198777,3.43769825413249,3.40467709971311,3.34433522982973,3.31820651237254,3.23367617917511,3.16206943875318,3.11687444065596,3.07299085938902,3.03344296601144,3.00810110726487
MEX,2.714,2.671,2.633,2.579,2.536,2.495,2.456,2.421,2.391,2.364,2.34,2.317,2.294,2.269,2.211,2.137,2.086,2.041,2.03,2.02,1.99,1.97,1.94,1.91
MHL,4.695,4.583,4.488,4.418,4.34,4.276,4.197,4.09,3.967,3.83,3.673,3.527,3.382,3.247,3.18,3.131,3.091,3.064,3.038,3.012,2.989,2.964,2.936,2.919
MIC,2.77301821483933,2.72228096962105,2.68293721643397,2.64779604902477,2.62890370079352,2.60481642927214,2.58701383399415,2.5707877505985,2.56650996154659,2.55562905893699,2.52466580636529,2.50125945087295,2.51837877497728,2.47263045923319,2.45815165694517,2.42062932114284,2.42227973600496,2.38859658424215,2.3031686856897,2.25907067251297,2.16537005212059,2.1221936366743,2.09175049538458,2.07487633498744
MKD,1.863,1.729,1.786,1.745,1.524,1.5,1.46,1.46,1.47,1.5,1.6,1.46,1.5,1.5,1.5,1.49,1.5,1.43,1.42,1.34,1.31,1.6,1.6,1.5
MLI,6.886,6.852,6.819,6.783,6.741,6.708,6.677,6.647,6.624,6.592,6.579,6.545,6.523,6.491,6.441,6.385,6.319,6.251,6.118,5.892,5.85,5.779,5.692,5.614
MLT,1.68,1.48,1.45,1.48,1.4,1.38,1.36,1.35,1.43,1.42,1.36,1.45,1.42,1.36,1.38,1.37,1.37,1.26,1.23,1.14,1.13,1.13,1.08,1.06
MMR,2.813,2.793,2.765,2.68,2.588,2.515,2.471,2.447,2.404,2.369,2.335,2.306,2.276,2.264,2.252,2.266,2.27,2.252,2.228,2.206,2.179,2.158,2.131,2.115
MNA,4.04137890905639,3.93057640432268,3.8271235820188,3.76354726128922,3.67100530727594,3.62182195458792,3.6100312048631,3.59441353508586,3.58130406581268,3.57177972392374,3.56282894271289,3.54610406035721,3.54106246026335,3.53015929601993,3.51235230424941,3.48219949137543,3.41866135030369,3.38993507836557,3.2999810388616,3.23197870200249,3.19426320279169,3.1492781508572,3.11585080940198,3.08429933241737
MNE,1.903,1.855,1.813,1.804,1.734,1.69,1.73,1.8,1.89,1.98,1.7,1.65,1.72,1.73,1.75,1.7,1.8,1.8,1.8,1.8,1.75,1.75,1.8,1.74
MNG,2.2,2.2,2.1,2.0,2.0,2.0,2.1,2.3,2.6,2.8,2.4,2.6,2.7,3.0,3.1,3.0,3.0,2.8,2.9,3.0,2.9,2.8,2.7,2.7
MNP,1.64,1.736,1.678,1.893,2.066,2.256,2.613,2.786,2.815,2.736,2.982,3.208,3.328,3.535,3.372,3.134,2.923,2.762,2.643,2.559,2.494,2.441,2.388,2.348
MOZ,5.83,5.755,5.667,5.6,5.551,5.5,5.452,5.466,5.598,5.681,5.66,5.599,5.518,5.43,5.304,5.245,5.188,5.128,5.07,5.016,4.959,4.905,4.84,4.763
MRT,5.456,5.407,5.373,5.364,5.374,5.376,5.404,5.426,5.436,5.406,5.384,5.38,5.352,5.317,5.261,5.211,5.157,5.106,5.044,4.984,4.912,4.848,4.77,4.697
MUS,1.99,1.91,1.94,1.87,1.92,1.88,1.77,1.74,1.67,1.59,1.57,1.55,1.54,1.44,1.43,1.36,1.4,1.44,1.41,1.4,1.44,1.41,1.32,1.39
MWI,6.002,5.943,5.903,5.875,5.864,5.848,5.802,5.724,5.609,5.453,5.263,5.083,4.902,4.759,4.569,4.384,4.216,4.113,4.021,3.952,3.877,3.791,3.72,3.648
MYS,2.942,2.807,2.658,2.601,2.493,2.391,2.308,2.252,2.262,2.223,2.144,2.153,2.117,2.07,2.058,2.008,1.942,1.893,1.838,1.777,1.68,1.555,1.55,1.55
NAC,2.00104445286266,1.98111559022242,1.97003758809819,1.9973357672637,2.00195357868507,2.00891827912543,2.05978280204498,2.074587380697,2.03436462442012,1.97033818233665,1.90241045540461,1.86754587684267,1.85497020907638,1.83232546339748,1.83688870286129,1.81894736304592,1.79727819078773,1.74371916045505,1.70714584622083,1.68176811100914,1.61762836473818,1.64085343799958,1.62238294506643,1.57842091532655
NAM,3.991,3.827,3.693,3.58,3.545,3.571,3.601,3.608,3.616,3.633,3.657,3.658,3.676,3.653,3.635,3.604,3.574,3.511,3.462,3.404,3.349,3.303,3.248,3.212
NCL,2.509,2.422,2.347,2.268,2.243,2.227,2.241,2.215,2.204,2.194,2.187,2.2,2.202,2.167,2.118,2.079,2.078,2.043,2.041,2.05,2.022,2.012,1.998,1.98
NER,7.829,7.81,7.797,7.789,7.777,7.769,7.744,7.726,7.702,7.679,7.64,7.592,7.527,7.445,7.342,7.215,7.043,6.874,6.706,6.537,6.369,6.2,6.135,6.061
NGA,6.124,6.128,6.116,6.1,6.09,6.063,6.053,6.027,6.024,5.993,5.948,5.893,5.797,5.694,5.622,5.503,5.343,5.182,5.021,4.861,4.7,4.636,4.552,4.482
NIC,3.12,2.996,2.887,2.827,2.784,2.765,2.733,2.697,2.66,2.626,2.596,2.558,2.527,2.492,2.463,2.434,2.407,2.378,2.347,2.321,2.299,2.265,2.24,2.218
NLD,1.72,1.71,1.73,1.75,1.72,1.71,1.72,1.72,1.77,1.79,1.79,1.76,1.72,1.68,1.71,1.66,1.66,1.62,1.59,1.57,1.54,1.62,1.49,1.43
NOR,1.85,1.78,1.75,1.8,1.83,1.84,1.9,1.9,1.96,1.98,1.95,1.88,1.85,1.78,1.75,1.72,1.71,1.62,1.56,1.53,1.48,1.55,1.41,1.4
NPL,3.984,3.793,3.604,3.439,3.279,3.115,2.967,2.857,2.737,2.63,2.541,2.462,2.42,2.36,2.319,2.273,2.226,2.173,2.12,2.08,2.051,2.025,2.002,1.984
NRU,3.543,3.461,3.4,3.388,3.378,3.377,3.4,3.504,3.665,3.847,4.019,4.117,4.115,4.098,4.085,4.075,4.027,3.879,3.683,3.531,3.466,3.425,3.379,3.331
NZL,1.98,1.97,1.89,1.93,1.98,1.97,2.01,2.18,2.19,2.13,2.17,2.09,2.1,2.01,1.92,1.99,1.87,1.81,1.71,1.72,1.61,1.64,1.66,1.56
OED,1.83459775158699,1.80289177371102,1.78192463550939,1.78502980323359,1.78984663868265,1.78381673612008,1.81362469163865,1.82970853791825,1.83387500814556,1.80424351640786,1.7911408975842,1.76778605469718,1.77018851627096,1.74592119792157,1.75280691193862,1.74071911641155,1.72744452882059,1.69375695872475,1.66586365002996,1.63129333058851,1.58243469670758,1.58722997136128,1.54712421028136,1.49140708441198
OMN,3.852,3.662,3.51,3.371,3.2,3.029,2.879,2.761,2.762,2.829,2.973,2.955,2.928,2.954,2.97,2.965,2.949,2.923,2.81,2.696,2.638,2.588,2.449,2.525
OSS,2.92483162722691,2.86914988750943,2.84792307313871,2.81507532453356,2.79320088978675,2.75075169301356,2.7102878305936,2.68571770492518,2.66460894391143,2.62743564380249,2.57095295288463,2.51572458697964,2.47415250758784,2.41214520398858,2.37681894447154,2.32407446918621,2.29653293083321,2.2491444099905,2.20897466383732,2.16819081899787,2.14273949716796,2.12507691475074,2.06679748542533,2.03877833272652
PAK,5.352,5.182,5.012,4.894,4.685,4.595,4.589,4.554,4.515,4.465,4.398,4.305,4.204,4.125,4.055,3.988,3.902,3.9,3.855,3.81,3.765,3.72,3.662,3.605
PAN,2.744,2.72,2.698,2.679,2.68,2.643,2.62,2.612,2.608,2.593,2.587,2.604,2.591,2.569,2.552,2.53,2.502,2.462,2.402,2.288,2.184,2.152,2.139,2.119
PER,2.845,2.744,2.693,2.661,2.673,2.643,2.619,2.583,2.528,2.48,2.421,2.413,2.356,2.317,2.271,2.229,2.189,2.152,2.118,2.086,2.056,2.029,2.004,1.98
PHL,3.754,3.719,3.651,3.591,3.524,3.448,3.466,3.403,3.401,3.376,3.315,3.236,3.143,3.042,2.894,2.829,2.679,2.525,2.378,2.215,2.075,1.95,1.929,1.916
PLW,1.819,1.87,1.923,1.962,1.989,2.017,1.996,1.968,1.947,1.935,1.937,1.965,2.006,2.054,2.032,2.002,2.055,2.019,1.97,1.984,1.972,1.95,1.927,1.907
PNG,4.525,4.469,4.419,4.362,4.283,4.22,4.148,4.076,4.015,3.941,3.883,3.816,3.746,3.684,3.625,3.558,3.495,3.432,3.382,3.322,3.274,3.215,3.165,3.099
POL,1.37,1.31,1.25,1.22,1.23,1.24,1.27,1.31,1.39,1.4,1.41,1.33,1.33,1.29,1.32,1.32,1.39,1.48,1.46,1.44,1.39,1.33,1.29,1.158
PRE,6.10872389646364,6.06052137677241,6.0119936926566,5.96757211145267,5.93282990613316,5.8926989008652,5.85861642222348,5.81458531212335,5.77972624005359,5.73818132762642,5.68740273604675,5.6239192829338,5.544521264971,5.45905893914915,5.37430522910213,5.27734326238515,5.17618890709919,5.07605390683731,4.97262971584117,4.87014287162415,4.77404152669624,4.70240952953725,4.62841373246017,4.55928980464074
PRI,2.0485,1.9346,1.8317,1.7624,1.7822,1.7702,1.7123,1.6505,1.6516,1.6528,1.6235,1.5965,1.5425,1.47,1.432,1.3365,1.2425,1.101,1.035,0.982,0.922,0.907,0.914,0.92
PRK,1.941,1.94,1.919,1.909,1.899,1.872,1.936,1.943,1.97,1.905,1.89,1.883,1.882,1.877,1.874,1.863,1.856,1.848,1.834,1.825,1.821,1.806,1.797,1.78
PRT,1.55,1.45,1.46,1.44,1.4,1.41,1.37,1.35,1.39,1.34,1.39,1.35,1.28,1.21,1.24,1.31,1.37,1.38,1.42,1.44,1.42,1.35,1.43,1.44
PRY,3.508,3.361,3.233,3.123,3.053,2.973,2.889,2.823,2.792,2.757,2.695,2.667,2.658,2.636,2.646,2.645,2.624,2.591,2.561,2.525,2.497,2.469,2.444,2.422
PSE,5.457,5.342,5.216,5.062,4.971,4.867,4.739,4.627,4.509,4.44,4.434,4.305,4.154,4.049,3.995,3.977,3.887,3.771,3.674,3.591,3.511,3.442,3.375,3.311
PSS,3.81671595073823,3.77032425634367,3.72782313604195,3.68834695321623,3.65298369000911,3.620763176744,3.60508810121026,3.58890472455203,3.56930676629901,3.54391950880304,3.51570587097517,3.48820562877606,3.47172473933368,3.45654427789758,3.44819359331922,3.41085700200253,3.35982740867531,3.29401840298443,3.2372619244172,3.17968996269514,3.1447759920452,3.10974098279504,3.06729870639623,3.02800394339178
PST,1.61569056232377,1.5889209744441,1.58132965799612,1.5982496478935,1.61251200971927,1.61201140715546,1.65744164035342,1.68545174832742,1.6981163842684,1.67245587489248,1.66079042885459,1.64471429950164,1.65174368416002,1.62525844766026,1.63301821125915,1.62854493072054,1.62213289586339,1.58009944745016,1.55005381832355,1.51889873006556,1.47500260810084,1.48939885979816,1.44161265388636,1.39633943731236
PYF,2.596,2.523,2.425,2.26,2.198,2.181,2.217,2.122,2.195,2.148,2.165,2.061,2.026,1.937,1.957,1.872,1.763,1.669,1.645,1.567,1.57,1.532,1.515,1.501
QAT,3.073,3.08,3.011,2.925,2.794,2.635,2.509,2.438,2.369,2.254,2.137,2.07,2.04,2.032,2.03,1.976,1.856,1.834,1.756,1.731,1.675,1.605,1.739,1.729
ROU,1.31,1.27,1.27,1.3,1.33,1.4,1.42,1.45,1.6,1.66,1.59,1.47,1.52,1.46,1.56,1.62,1.69,1.78,1.76,1.77,1.8,1.81,1.71,1.71
RUS,1.195,1.223,1.286,1.319,1.344,1.294,1.305,1.416,1.502,1.542,1.567,1.582,1.691,1.707,1.75,1.777,1.762,1.621,1.579,1.504,1.505,1.505,1.416,1.41
RWA,5.967,5.893,5.816,5.737,5.64,5.5,5.335,5.141,4.922,4.707,4.522,4.332,4.201,4.136,4.117,4.108,4.106,4.084,4.047,3.985,3.913,3.841,3.778,3.698
SAS,3.33395356090725,3.28308388400588,3.19828354094027,3.10343433102198,3.02541628348848,2.93687989722614,2.84697285381899,2.75669654521409,2.68905082515755,2.64443180727681,2.56574779030977,2.50022514366302,2.44177823996936,2.37827206529081,2.28396274115946,2.27891070577889,2.2733060135155,2.19158171903298,2.18134059924297,2.12407623256393,2.06019382226457,2.03102990361988,2.01401171309975,1.99556441998933
SAU,4.206,3.964,3.709,3.465,3.264,3.161,3.176,3.185,3.074,2.95,2.81,2.8,2.78,2.67,2.68,2.63,2.65,2.67,2.67,2.49,2.27,2.17,2.14,2.28
SDN,5.596,5.562,5.531,5.489,5.455,5.397,5.332,5.27,5.212,5.173,5.141,5.087,5.031,4.965,4.912,4.898,4.829,4.761,4.681,4.617,4.542,4.457,4.384,4.323
SEN,5.498,5.397,5.301,5.246,5.192,5.133,5.064,5.018,5.024,5.025,5.055,5.099,5.129,5.049,4.884,4.751,4.648,4.489,4.294,4.1,4.003,3.936,3.864,3.818
SGP,1.6,1.41,1.37,1.27,1.26,1.26,1.28,1.29,1.28,1.22,1.15,1.2,1.29,1.19,1.25,1.24,1.2,1.16,1.14,1.14,1.1,1.12,1.04,0.97
SLB,4.757,4.673,4.602,4.539,4.466,4.411,4.39,4.372,4.358,4.349,4.341,4.335,4.332,4.325,4.36,4.291,4.2,4.06,3.93,3.8,3.749,3.694,3.62,3.557
SLE,6.355,6.305,6.23,6.087,5.919,5.807,5.737,5.643,5.563,5.448,5.327,5.209,5.064,4.873,4.703,4.548,4.466,4.389,4.294,4.192,4.08,3.978,3.876,3.791
SLV,3.076,2.93,2.775,2.636,2.516,2.44,2.395,2.354,2.291,2.261,2.239,2.224,2.187,2.154,2.126,2.067,1.965,1.896,1.849,1.838,1.819,1.803,1.785,1.775
SMR,1.404,1.519,1.432,1.296,1.298,1.198,1.242,1.257,1.521,1.358,1.459,1.456,1.289,1.483,1.259,1.196,1.127,1.054,1.077,1.096,1.113,1.125,1.136,1.149
SOM,7.645,7.636,7.626,7.603,7.568,7.527,7.49,7.457,7.415,7.376,7.322,7.268,7.211,7.14,7.061,6.975,6.878,6.766,6.662,6.56,6.453,6.353,6.255,6.132
SRB,1.48,1.58,1.57,1.59,1.57,1.45,1.43,1.38,1.4,1.44,1.4,1.4,1.45,1.43,1.46,1.46,1.46,1.49,1.49,1.52,1.48,1.52,1.59,1.61
SSA,5.64451391795095,5.60639867650098,5.56514064171338,5.53272648375944,5.51318834018681,5.49311482886089,5.4673245908424,5.43322101571662,5.41961449457291,5.37527348503088,5.32986470328555,5.27394917969952,5.21031551394988,5.14059756254553,5.07096662762461,4.99030704250289,4.90404874785378,4.82405664212628,4.73447002191981,4.64434907291966,4.55960366925971,4.49809752335738,4.43349107645845,4.37284268651581
SSD,6.803,6.654,6.515,6.353,6.19,6.022,5.853,5.704,5.569,5.446,5.318,5.193,5.061,4.939,4.818,4.695,4.579,4.483,4.37,4.26,4.16,4.047,3.964,3.864
SSF,5.73773655872012,5.69618761864136,5.65152239416774,5.61321051983256,5.58655124417467,5.55866997151161,5.52178259567579,5.4761027827376,5.44570154645802,5.3858400117165,5.32483728093835,5.25454227435434,5.17788889708355,5.09694190762163,5.02360313569775,4.94309396610616,4.85964137221829,4.78022796585899,4.69665184284359,4.61328768259518,4.5296824078878,4.46442444851627,4.39651820585481,4.33245083585002
SST,2.88338396405506,2.83397156846564,2.79808658297244,2.7597362627718,2.73096021826351,2.70114835906174,2.67308581805192,2.65643240427313,2.64077949261718,2.61377707791796,2.56685568430678,2.52532929458697,2.49706301177046,2.45556739582781,2.42980556625023,2.3864907368306,2.35638987105492,2.31126714318552,2.27509654521267,2.23544844472644,2.21067702634513,2.18868232624234,2.14684043316307,2.12339487150431
STP,5.157,5.097,5.062,5.013,4.962,4.939,4.933,4.957,4.906,4.838,4.769,4.718,4.664,4.584,4.485,4.354,4.203,4.069,3.977,3.9,3.827,3.759,3.695,3.644
SUR,3.046,3.057,2.956,2.839,2.738,2.712,2.727,2.735,2.727,2.712,2.688,2.667,2.669,2.651,2.62,2.57,2.5,2.431,2.381,2.347,2.314,2.295,2.274,2.249
SVK,1.3,1.2,1.19,1.2,1.25,1.27,1.25,1.27,1.34,1.44,1.43,1.45,1.34,1.34,1.37,1.4,1.48,1.52,1.54,1.57,1.59,1.63,1.57,1.49
SVN,1.26,1.21,1.21,1.2,1.25,1.26,1.31,1.38,1.53,1.53,1.57,1.56,1.58,1.55,1.58,1.57,1.58,1.62,1.6,1.61,1.59,1.64,1.55,1.51
SWE,1.54,1.57,1.65,1.71,1.75,1.77,1.85,1.88,1.91,1.94,1.98,1.9,1.91,1.89,1.88,1.85,1.85,1.78,1.76,1.71,1.67,1.67,1.53,1.45
SWZ,4.03,3.944,3.854,3.796,3.76,3.704,3.632,3.58,3.567,3.504,3.375,3.317,3.266,3.237,3.181,3.122,3.068,3.018,2.971,2.925,2.888,2.841,2.801,2.753
SXM,1.982,1.892,1.809,1.742,1.702,1.708,1.758,1.572,1.728,1.713,1.848,1.99,1.959,1.894,1.817,1.732,1.642,1.571,1.522,1.481,1.467,1.456,1.453,1.447
SYC,2.08,1.98,2.04,2.06,2.01,2.2,2.11,2.24,2.33,2.38,2.16,2.33,2.37,2.26,2.25,2.31,2.39,2.41,2.41,2.36,2.29,2.46,2.01,2.02
SYR,4.068,3.976,3.865,3.763,3.679,3.605,3.562,3.538,3.481,3.415,3.355,3.285,3.221,3.165,3.117,3.067,3.012,2.972,2.932,2.878,2.837,2.798,2.746,2.712
TCA,2.406,2.342,2.242,2.176,2.136,2.106,2.078,2.049,2.005,1.959,1.907,1.859,1.805,1.752,1.729,1.718,1.713,1.704,1.677,1.617,1.552,1.501,1.477,1.463
TCD,7.249,7.231,7.201,7.179,7.16,7.134,7.118,7.092,7.063,7.021,6.99,6.948,6.905,6.839,6.781,6.706,6.623,6.537,6.464,6.412,6.346,6.255,6.215,6.12
TEA,1.91701202984337,1.86359434738401,1.85625879213409,1.85071457563415,1.86869002075451,1.87650747609855,1.88999510929957,1.90714838647723,1.92830488949777,1.93516213767886,1.91380463770064,1.90559230915552,1.99245335659862,1.92276320860367,1.95315843608444,1.87874321014974,1.92938890858833,1.92683294089381,1.73925892870635,1.70329191143946,1.52420342921216,1.43590189186902,1.38038247288067,1.35619349886656
TEC,1.62030760711342,1.60080718359641,1.60380658649653,1.61676364444419,1.64702594229195,1.63393338849379,1.66161809265432,1.72272134179494,1.79234912928103,1.80922026253873,1.81007603093137,1.79803649220897,1.86354536411501,1.8748561116751,1.92631738147071,1.92977777738024,1.92480955743217,1.86780524239913,1.85087390989038,1.82090357663486,1.81408858991354,1.81491733501571,1.74847147152068,1.72786969115701
TGO,5.165,5.128,5.092,5.048,4.995,5.038,5.076,5.102,5.1,5.104,5.087,4.984,4.854,4.754,4.702,4.662,4.634,4.576,4.513,4.45,4.386,4.324,4.253,4.192
THA,1.734,1.711,1.688,1.673,1.665,1.644,1.631,1.616,1.587,1.565,1.562,1.571,1.563,1.526,1.484,1.451,1.4,1.363,1.323,1.285,1.259,1.234,1.221,1.212
TJK,3.49,3.49,3.47,3.42,3.507,3.398,3.341,3.367,3.388,3.43,3.457,3.456,3.421,3.433,3.459,3.459,3.384,3.29,3.294,3.281,3.211,3.17,3.127,3.072
TKM,2.9,2.814,2.71,2.667,2.674,2.706,2.724,2.734,2.75,2.794,2.848,2.9,2.955,3.007,3.023,3.033,2.99,2.934,2.875,2.834,2.793,2.754,2.728,2.69
TLA,2.63633862806184,2.56819055960504,2.50456976390976,2.44358526294542,2.40136589725139,2.36246160626151,2.31798470730863,2.27825317482823,2.24870291864096,2.22074317176871,2.19235147808548,2.17173767198677,2.14177057844675,2.11969030697551,2.10222769066337,2.070155624721,2.01803165230531,1.99342119749853,1.97423907173587,1.92884194956371,1.86889841943454,1.84409539404326,1.82203190749137,1.80414192300781
TLS,5.934,5.918,5.899,5.846,5.741,5.611,5.474,5.333,5.171,4.994,4.816,4.614,4.404,4.208,3.999,3.779,3.582,3.399,3.244,3.116,3.011,2.892,2.801,2.707
TMN,4.03313583947304,3.92235403419663,3.81899845978396,3.75590229901836,3.66329933893295,3.61438148977568,3.60322364692506,3.58812308378204,3.57557545434726,3.5663476769365,3.5573121719595,3.54124003516249,3.53708238309063,3.52674285714679,3.50912887154978,3.47885083971551,3.41545492925523,3.38731160765158,3.29738689646707,3.22947151957324,3.1920336825828,3.14720035423158,3.11399696821534,3.08266683185516
TON,4.159,4.127,4.138,4.175,4.186,4.195,4.141,4.086,4.012,3.946,3.879,3.829,3.768,3.696,3.619,3.54,3.463,3.388,3.326,3.274,3.234,3.198,3.171,3.129
TSA,3.33395356090725,3.28308388400588,3.19828354094027,3.10343433102198,3.02541628348848,2.93687989722614,2.84697285381899,2.75669654521409,2.68905082515755,2.64443180727681,2.56574779030977,2.50022514366302,2.44177823996936,2.37827206529081,2.28396274115946,2.27891070577889,2.2733060135155,2.19158171903298,2.18134059924297,2.12407623256393,2.06019382226457,2.03102990361988,2.01401171309975,1.99556441998933
TSS,5.73773655872012,5.69618761864136,5.65152239416774,5.61321051983256,5.58655124417467,5.55866997151161,5.52178259567579,5.4761027827376,5.44570154645802,5.3858400117165,5.32483728093835,5.25454227435434,5.17788889708354,5.09694190762164,5.02360313569775,4.94309396610616,4.85964137221829,4.78022796585899,4.69665184284359,4.61328768259518,4.5296824078878,4.46442444851627,4.3965182058548,4.33245083585001
TTO,1.732,1.705,1.672,1.648,1.627,1.625,1.624,1.622,1.617,1.618,1.614,1.611,1.609,1.603,1.602,1.598,1.601,1.594,1.588,1.578,1.572,1.559,1.544,1.532
TUN,2.025,1.975,1.941,1.956,1.95,1.953,1.952,1.957,1.975,2.004,2.075,2.189,2.277,2.31,2.316,2.306,2.275,2.205,2.133,2.1,2.0,1.8,1.847,1.832
TUR,2.487,2.392,2.268,2.202,2.197,2.197,2.193,2.16,2.15,2.1,2.08,2.05,2.11,2.11,2.19,2.16,2.11,2.08,2.0,1.89,1.77,1.71,1.63,1.51
TUV,3.841,3.749,3.637,3.579,3.553,3.546,3.525,3.446,3.415,3.425,3.442,3.463,3.47,3.389,3.33,3.308,3.297,3.301,3.328,3.331,3.309,3.277,3.244,3.208
TZA,5.67,5.617,5.57,5.578,5.597,5.579,5.511,5.403,5.324,5.26,5.225,5.141,5.137,5.156,5.122,5.025,5.006,4.988,4.932,4.866,4.801,4.734,4.671,4.606
UGA,6.788,6.757,6.735,6.671,6.612,6.525,6.429,6.326,6.202,6.124,6.019,5.885,5.729,5.563,5.408,5.251,5.112,4.987,4.867,4.744,4.621,4.51,4.388,4.283
UKR,1.108,1.092,1.127,1.173,1.215,1.221,1.297,1.343,1.444,1.47,1.436,1.464,1.528,1.515,1.466,1.387,1.391,1.3,1.233,1.218,1.208,1.148,0.897,0.977
UMC,1.97995536450987,1.92066193134178,1.9004098952096,1.88959550104105,1.90546143650987,1.91282604162945,1.91969851496058,1.92855296902382,1.94740667177155,1.94794921093757,1.93188483222883,1.928786334023,1.99994662886927,1.94955518751985,1.97718214785632,1.91299088195997,1.9449124760992,1.93972433757042,1.79874875139142,1.75924146878879,1.6146885989909,1.549508851165,1.49760651683793,1.47472512641046
URY,2.196,2.161,2.16,2.116,2.093,2.097,2.07,2.048,2.03,2.018,2.011,1.987,2.012,2.034,2.026,2.041,1.966,1.824,1.681,1.567,1.497,1.446,1.425,1.409
USA,2.056,2.0305,2.0205,2.0475,2.0515,2.057,2.108,2.12,2.072,2.002,1.931,1.8945,1.8805,1.8575,1.8625,1.8435,1.8205,1.7655,1.7295,1.706,1.6415,1.664,1.6565,1.6165
UZB,2.696,2.61,2.575,2.503,2.496,2.438,2.461,2.573,2.635,2.559,2.442,2.354,2.337,2.445,2.546,2.583,2.564,2.57,2.713,2.869,3.062,3.273,3.396,3.5
VCT,2.306,2.3,2.218,2.142,2.087,2.068,2.033,2.063,2.15,2.174,2.144,2.076,2.113,2.106,2.141,2.133,2.055,1.94,1.9,1.864,1.83,1.808,1.791,1.775
VEN,2.79,2.779,2.739,2.703,2.639,2.629,2.595,2.524,2.475,2.422,2.396,2.398,2.379,2.334,2.296,2.253,2.217,2.183,2.151,2.131,2.116,2.105,2.088,2.079
VGB,1.839,1.517,1.247,1.309,1.5,1.34,1.234,1.312,1.272,1.23,1.183,1.268,1.103,1.086,1.235,1.186,0.987,0.873,0.905,0.941,0.975,0.999,1.025,1.045
VIR,2.06,1.9,2.21,2.07,2.17,2.24,2.03,2.51,2.44,2.37,2.3,2.16,2.06,2.08,2.09,2.11,2.09,2.08,2.06,2.05,2.03,2.01,2.0,1.98
VNM,2.028,2.023,2.006,1.999,1.968,1.887,1.873,1.911,1.933,1.92,1.906,1.927,1.967,1.98,2.09,2.1,2.0,1.985,1.88,1.943,1.957,1.942,1.927,1.913
VUT,4.537,4.495,4.382,4.293,4.214,4.133,4.1,4.117,4.159,4.157,4.126,4.093,4.059,4.039,3.999,3.952,3.915,3.875,3.834,3.79,3.738,3.696,3.647,3.596
WLD,2.72993367447802,2.68857132229265,2.66013030477774,2.63807688583646,2.62802684604042,2.61073450761972,2.60628111157862,2.60198840418013,2.60338909222478,2.59304109484737,2.5681653452478,2.5480532851205,2.56448910818067,2.52503927351859,2.51757340695433,2.4900575508378,2.49142099814092,2.45985817453245,2.39176812517027,2.35327354169831,2.27641712252834,2.24577248748034,2.21522779577453,2.19590911593139
WSM,4.523,4.477,4.444,4.392,4.343,4.322,4.322,4.358,4.417,4.466,4.52,4.56,4.545,4.491,4.423,4.344,4.262,4.196,4.136,4.061,4.002,3.94,3.883,3.829
XKX,2.698,2.765,2.791,2.67,2.65,2.623,2.494,2.393,2.359,2.317,2.223,2.038,1.969,1.953,1.87,1.763,1.641,1.618,1.581,1.575,1.567,1.561,1.555,1.545
YEM,6.317,6.143,5.971,5.839,5.712,5.563,5.412,5.261,5.113,5.004,4.81,4.63,4.633,4.623,4.62,4.617,4.613,4.61,4.607,4.603,4.6,4.597,4.593,4.59
ZAF,2.413,2.373,2.324,2.358,2.436,2.512,2.548,2.545,2.679,2.501,2.445,2.436,2.447,2.428,2.424,2.359,2.261,2.283,2.27,2.264,2.257,2.248,2.227,2.216
ZMB,5.921,5.848,5.774,5.71,5.698,5.697,5.679,5.613,5.53,5.453,5.359,5.256,5.136,5.014,4.89,4.775,4.669,4.567,4.492,4.418,4.323,4.246,4.175,4.101
ZWE,4.009,3.983,3.925,3.862,3.776,3.693,3.635,3.677,3.783,3.95,4.04,4.126,4.134,4.111,4.011,3.911,3.828,3.768,3.744,3.748,3.754,3.765,3.767,3.724
